Date,Match Time,Team 1,Team 2,Team 1 Odds,Team 2 Odds
2024-03-28,3:05 PM EDT,LAA,BAL,+158,-189
2024-03-28,4:10 PM EDT,MIN,KC,-125,+105
2024-03-28,4:10 PM EDT,WAS,CIN,+130,-154
2024-03-28,4:10 PM EDT,SF,SD,-105,-115
2024-03-28,4:10 PM EDT,NYY,HOU,+130,-154
2024-03-28,4:10 PM EDT,STL,LAD,+196,-238
2024-03-28,4:10 PM EDT,PIT,MIA,+110,-130
2024-03-28,4:10 PM EDT,TOR,TB,+115,-135
2024-03-28,4:10 PM EDT,DET,CHW,-189,+158
2024-03-28,7:35 PM EDT,CHC,TEX,+100,-120
2024-03-28,10:07 PM EDT,CLE,OAK,-161,+135
2024-03-28,10:10 PM EDT,COL,AZ,+185,-227
2024-03-28,10:10 PM EDT,BOS,SEA,+152,-179
2024-03-31,1:35 PM EDT,ATL,PHI,-149,+126
2024-03-31,1:35 PM EDT,LAA,BAL,+118,-141
2024-03-31,1:40 PM EDT,MIL,NYM,+118,-141
2024-03-31,1:40 PM EDT,WAS,CIN,+143,-169
2024-03-31,1:40 PM EDT,TOR,TB,-120,+100
2024-03-31,1:40 PM EDT,PIT,MIA,+126,-149
2024-03-31,2:10 PM EDT,MIN,KC,-120,+100
2024-03-31,2:10 PM EDT,DET,CHW,-149,+126
2024-03-31,2:10 PM EDT,NYY,HOU,+100,-120
2024-03-31,2:35 PM EDT,CHC,TEX,+110,-130
2024-03-31,4:07 PM EDT,CLE,ATH,-120,+100
2024-03-31,4:10 PM EDT,BOS,SEA,+110,-130
2024-03-31,4:10 PM EDT,SF,SD,+135,-161
2024-03-31,4:10 PM EDT,COL,AZ,+170,-204
2024-03-31,7:10 PM EDT,STL,LAD,+152,-179
2024-04-01,2:10 PM EDT,ATL,CHW,-333,+260
2024-04-01,2:20 PM EDT,COL,CHC,+205,-250
2024-04-01,4:05 PM EDT,PIT,WAS,-110,-110
2024-04-01,6:35 PM EDT,KC,BAL,+143,-169
2024-04-01,6:40 PM EDT,CIN,PHI,+122,-145
2024-04-01,6:40 PM EDT,LAA,MIA,-105,-115
2024-04-01,6:50 PM EDT,TEX,TB,+105,-125
2024-04-01,7:10 PM EDT,DET,NYM,+126,-149
2024-04-01,8:10 PM EDT,TOR,HOU,+118,-141
2024-04-01,9:40 PM EDT,NYY,AZ,-120,+100
2024-04-01,9:40 PM EDT,STL,SD,+100,-120
2024-04-01,9:40 PM EDT,BOS,ATH,-154,+130
2024-04-01,9:40 PM EDT,CLE,SEA,-115,-105
2024-04-01,10:10 PM EDT,SF,LAD,+170,-204
2024-04-02,4:10 PM EDT,MIN,MIL,+100,-120
2024-04-02,6:35 PM EDT,KC,BAL,+135,-161
2024-04-02,6:40 PM EDT,CIN,PHI,+118,-141
2024-04-02,6:40 PM EDT,LAA,MIA,+122,-145
2024-04-02,6:50 PM EDT,TEX,TB,+130,-154
2024-04-02,7:40 PM EDT,COL,CHC,+158,-189
2024-04-02,7:40 PM EDT,ATL,CHW,-189,+158
2024-04-02,8:10 PM EDT,TOR,HOU,+126,-149
2024-04-02,9:40 PM EDT,NYY,AZ,-105,-115
2024-04-02,9:40 PM EDT,STL,SD,+122,-145
2024-04-02,9:40 PM EDT,BOS,ATH,-145,+122
2024-04-02,9:40 PM EDT,CLE,SEA,+100,-120
2024-04-02,10:10 PM EDT,SF,LAD,+118,-141
2024-04-03,1:05 PM EDT,KC,BAL,+143,-169
2024-04-03,1:10 PM EDT,LAA,MIA,-105,-115
2024-04-03,1:10 PM EDT,TEX,TB,+105,-125
2024-04-03,1:10 PM EDT,MIN,MIL,-115,-105
2024-04-03,3:37 PM EDT,BOS,ATH,-169,+143
2024-04-03,3:40 PM EDT,NYY,AZ,-125,+105
2024-04-03,4:05 PM EDT,CIN,PHI,+150,-179
2024-04-03,4:10 PM EDT,STL,SD,+135,-161
2024-04-03,4:10 PM EDT,CLE,SEA,+126,-149
2024-04-03,6:45 PM EDT,PIT,WAS,-154,+130
2024-04-03,7:40 PM EDT,COL,CHC,+185,-227
2024-04-03,8:10 PM EDT,TOR,HOU,+143,-169
2024-04-03,10:10 PM EDT,SF,LAD,+215,-270
2024-04-04,12:10 PM EDT,DET,NYM,+122,-145
2024-04-04,4:05 PM EDT,PIT,WAS,-130,+110
2024-04-04,4:10 PM EDT,CLE,MIN,+143,-169
2024-04-04,4:15 PM EDT,MIA,STL,+130,-154
2024-04-04,4:20 PM EDT,DET,NYM,+105,-125
2024-04-04,7:40 PM EDT,CHW,KC,+158,-189
2024-04-05,1:05 PM EDT,TOR,NYY,+143,-169
2024-04-05,1:10 PM EDT,OAK,DET,+222,-278
2024-04-05,2:20 PM EDT,LAD,CHC,-189,+158
2024-04-05,4:10 PM EDT,TB,COL,-175,+148
2024-04-05,4:12 PM EDT,BAL,PIT,-120,+100
2024-04-05,4:35 PM EDT,SD,SF,+105,-125
2024-04-05,6:40 PM EDT,NYM,CIN,+105,-125
2024-04-05,6:45 PM EDT,PHI,WAS,-189,+158
2024-04-05,7:20 PM EDT,AZ,ATL,+260,-333
2024-04-05,7:40 PM EDT,CHW,KC,+162,-196
2024-04-05,8:05 PM EDT,HOU,TEX,-141,+118
2024-04-05,8:10 PM EDT,SEA,MIL,+105,-125
2024-04-05,9:38 PM EDT,BOS,LAA,-115,-105
2024-04-06,1:10 PM EDT,ATH,DET,+126,-149
2024-04-06,2:10 PM EDT,CLE,MIN,+140,-164
2024-04-06,2:15 PM EDT,MIA,STL,+130,-154
2024-04-06,4:05 PM EDT,BAL,PIT,-141,+118
2024-04-06,4:05 PM EDT,LAD,CHC,-145,+122
2024-04-06,4:05 PM EDT,PHI,WAS,-189,+158
2024-04-06,4:10 PM EDT,NYM,CIN,+105,-125
2024-04-06,7:05 PM EDT,HOU,TEX,-110,-110
2024-04-06,7:05 PM EDT,TOR,NYY,-105,-115
2024-04-06,7:10 PM EDT,CHW,KC,+185,-227
2024-04-06,7:10 PM EDT,SEA,MIL,+100,-120
2024-04-06,7:20 PM EDT,AZ,ATL,+162,-196
2024-04-06,8:10 PM EDT,TB,COL,-145,+122
2024-04-06,9:05 PM EDT,SD,SF,-105,-115
2024-04-06,9:38 PM EDT,BOS,LAA,-105,-115
2024-04-07,1:35 PM EDT,PHI,WAS,-161,+135
2024-04-07,1:35 PM EDT,AZ,ATL,+215,-270
2024-04-07,1:35 PM EDT,BAL,PIT,-115,-105
2024-04-07,1:35 PM EDT,TOR,NYY,+148,-175
2024-04-07,1:40 PM EDT,ATH,DET,+185,-227
2024-04-07,1:40 PM EDT,NYM,CIN,-125,+105
2024-04-07,2:10 PM EDT,CHW,KC,+115,-135
2024-04-07,2:10 PM EDT,SEA,MIL,+115,-135
2024-04-07,2:15 PM EDT,MIA,STL,+126,-149
2024-04-07,2:20 PM EDT,LAD,CHC,-110,-110
2024-04-07,3:10 PM EDT,TB,COL,-149,+126
2024-04-07,4:05 PM EDT,SD,SF,+143,-169
2024-04-07,4:07 PM EDT,BOS,LAA,-115,-105
2024-04-07,7:10 PM EDT,HOU,TEX,-110,-110
2024-04-08,5:10 PM EDT,CHW,CLE,+205,-250
2024-04-08,6:05 PM EDT,MIA,NYY,+130,-154
2024-04-08,6:40 PM EDT,DET,PIT,+110,-130
2024-04-08,6:40 PM EDT,MIL,CIN,-110,-110
2024-04-08,7:07 PM EDT,SEA,TOR,+100,-120
2024-04-08,7:20 PM EDT,NYM,ATL,+185,-227
2024-04-08,7:40 PM EDT,LAD,MIN,-130,+110
2024-04-08,7:45 PM EDT,PHI,STL,-105,-115
2024-04-08,8:05 PM EDT,HOU,TEX,+110,-130
2024-04-08,8:40 PM EDT,AZ,COL,-179,+152
2024-04-08,9:38 PM EDT,TB,LAA,-145,+122
2024-04-08,9:40 PM EDT,CHC,SD,+115,-135
2024-04-08,9:45 PM EDT,WAS,SF,+178,-213
2024-04-09,12:35 PM EDT,DET,PIT,+105,-125
2024-04-09,2:10 PM EDT,BAL,BOS,-135,+115
2024-04-09,6:10 PM EDT,CHW,CLE,+210,-263
2024-04-09,6:40 PM EDT,MIL,CIN,+100,-120
2024-04-09,7:05 PM EDT,MIA,NYY,+192,-233
2024-04-09,7:07 PM EDT,SEA,TOR,-110,-110
2024-04-09,7:20 PM EDT,NYM,ATL,+158,-189
2024-04-09,7:40 PM EDT,HOU,KC,-120,+100
2024-04-09,7:40 PM EDT,LAD,MIN,-204,+170
2024-04-09,7:45 PM EDT,PHI,STL,-135,+115
2024-04-09,8:05 PM EDT,ATH,TEX,+180,-222
2024-04-09,8:40 PM EDT,AZ,COL,-175,+148
2024-04-09,9:38 PM EDT,TB,LAA,-125,+105
2024-04-09,9:45 PM EDT,WAS,SF,+162,-196
2024-04-09,10:05 PM EDT,CHC,SD,+118,-141
2024-04-10,1:10 PM EDT,LAD,MIN,-179,+150
2024-04-10,1:15 PM EDT,PHI,STL,-141,+118
2024-04-10,3:07 PM EDT,SEA,TOR,+100,-120
2024-04-10,3:10 PM EDT,AZ,COL,-115,-105
2024-04-10,3:45 PM EDT,WAS,SF,+175,-208
2024-04-10,4:07 PM EDT,TB,LAA,-115,-105
2024-04-10,6:10 PM EDT,CHW,CLE,+215,-270
2024-04-10,6:40 PM EDT,CHC,SD,+135,-161
2024-04-10,6:40 PM EDT,MIL,CIN,+122,-145
2024-04-10,7:05 PM EDT,MIA,NYY,+185,-227
2024-04-10,7:10 PM EDT,BAL,BOS,-105,-115
2024-04-10,7:40 PM EDT,HOU,KC,-125,+105
2024-04-10,8:05 PM EDT,ATH,TEX,+162,-196
2024-04-11,12:20 PM EDT,NYM,ATL,+150,-179
2024-04-11,2:10 PM EDT,HOU,KC,-130,+110
2024-04-11,2:35 PM EDT,ATH,TEX,+162,-196
2024-04-11,6:40 PM EDT,PIT,PHI,+110,-130
2024-04-11,7:10 PM EDT,BAL,BOS,-130,+110
2024-04-12,6:40 PM EDT,MIN,DET,+100,-120
2024-04-12,6:40 PM EDT,PIT,PHI,+140,-164
2024-04-12,6:50 PM EDT,SF,TB,-110,-110
2024-04-12,7:05 PM EDT,MIL,BAL,-125,+105
2024-04-12,7:07 PM EDT,COL,TOR,+196,-238
2024-04-12,7:10 PM EDT,ATL,MIA,-204,+170
2024-04-12,7:10 PM EDT,KC,NYM,+118,-141
2024-04-12,7:10 PM EDT,LAA,BOS,+100,-120
2024-04-12,7:40 PM EDT,CIN,CHW,-179,+150
2024-04-12,8:10 PM EDT,TEX,HOU,+100,-120
2024-04-12,9:40 PM EDT,WAS,ATH,+115,-135
2024-04-12,9:40 PM EDT,CHC,SEA,+110,-130
2024-04-12,9:40 PM EDT,STL,AZ,+105,-125
2024-04-12,10:10 PM EDT,SD,LAD,+170,-204
2024-04-14,1:35 PM EDT,LAA,BOS,+115,-135
2024-04-14,1:35 PM EDT,MIL,BAL,+185,-227
2024-04-14,1:35 PM EDT,PIT,PHI,+162,-196
2024-04-14,1:37 PM EDT,COL,TOR,+228,-286
2024-04-14,1:40 PM EDT,KC,NYM,-110,-110
2024-04-14,1:40 PM EDT,ATL,MIA,-149,+126
2024-04-14,1:40 PM EDT,MIN,DET,+110,-130
2024-04-14,1:40 PM EDT,SF,TB,-115,-105
2024-04-14,1:40 PM EDT,NYY,CLE,-125,+105
2024-04-14,2:10 PM EDT,CIN,CHW,-161,+135
2024-04-14,2:10 PM EDT,TEX,HOU,-110,-110
2024-04-14,4:07 PM EDT,WAS,ATH,+122,-145
2024-04-14,4:10 PM EDT,CHC,SEA,+115,-135
2024-04-14,4:10 PM EDT,STL,AZ,+122,-145
2024-04-14,7:10 PM EDT,SD,LAD,+143,-169
2024-04-15,11:10 AM EDT,CLE,BOS,+143,-169
2024-04-15,6:35 PM EDT,MIN,BAL,+118,-141
2024-04-15,6:40 PM EDT,TEX,DET,+100,-120
2024-04-15,6:40 PM EDT,COL,PHI,+222,-278
2024-04-15,6:40 PM EDT,SF,MIA,-115,-105
2024-04-15,6:50 PM EDT,LAA,TB,+140,-164
2024-04-15,7:07 PM EDT,NYY,TOR,-115,-105
2024-04-15,7:10 PM EDT,PIT,NYM,+105,-125
2024-04-15,7:40 PM EDT,KC,CHW,-179,+152
2024-04-15,7:40 PM EDT,SD,MIL,-105,-115
2024-04-15,8:10 PM EDT,ATL,HOU,-120,+100
2024-04-15,9:40 PM EDT,CHC,AZ,+135,-161
2024-04-15,9:40 PM EDT,STL,ATH,-179,+152
2024-04-15,9:42 PM EDT,CIN,SEA,+126,-149
2024-04-15,10:10 PM EDT,WAS,LAD,+328,-435
2024-04-16,1:10 PM EDT,TEX,DET,-130,+110
2024-04-16,6:35 PM EDT,MIN,BAL,+140,-164
2024-04-16,6:40 PM EDT,COL,PHI,+215,-270
2024-04-16,6:40 PM EDT,SF,MIA,-141,+118
2024-04-16,6:50 PM EDT,LAA,TB,+130,-154
2024-04-16,7:07 PM EDT,NYY,TOR,-105,-115
2024-04-16,7:10 PM EDT,PIT,NYM,-115,-105
2024-04-16,7:10 PM EDT,CLE,BOS,+105,-125
2024-04-16,7:40 PM EDT,SD,MIL,-115,-105
2024-04-16,8:10 PM EDT,ATL,HOU,-120,+100
2024-04-16,9:40 PM EDT,CHC,AZ,+105,-125
2024-04-16,9:40 PM EDT,CIN,SEA,+115,-135
2024-04-16,9:40 PM EDT,STL,ATH,-141,+118
2024-04-16,10:10 PM EDT,WAS,LAD,+222,-278
2024-04-17,12:10 PM EDT,SF,MIA,-115,-105
2024-04-17,1:05 PM EDT,MIN,BAL,-105,-115
2024-04-17,1:10 PM EDT,SD,MIL,-105,-115
2024-04-17,1:10 PM EDT,TEX,DET,+115,-135
2024-04-17,1:10 PM EDT,PIT,NYM,+130,-154
2024-04-17,2:10 PM EDT,ATL,HOU,-135,+115
2024-04-17,2:10 PM EDT,KC,CHW,-196,+162
2024-04-17,3:07 PM EDT,NYY,TOR,+100,-120
2024-04-17,3:10 PM EDT,WAS,LAD,+196,-238
2024-04-17,3:37 PM EDT,STL,ATH,-125,+105
2024-04-17,3:40 PM EDT,CHC,AZ,+115,-135
2024-04-17,4:10 PM EDT,CIN,SEA,+115,-135
2024-04-17,5:25 PM EDT,KC,CHW,-161,+135
2024-04-17,6:05 PM EDT,COL,PHI,+192,-233
2024-04-17,6:50 PM EDT,LAA,TB,-105,-115
2024-04-17,7:10 PM EDT,CLE,BOS,+110,-130
2024-04-18,1:10 PM EDT,LAA,TB,+126,-149
2024-04-18,1:10 PM EDT,TEX,DET,-125,+105
2024-04-18,1:35 PM EDT,CLE,BOS,-115,-105
2024-04-18,9:45 PM EDT,AZ,SF,+126,-149
2024-04-19,2:20 PM EDT,MIA,CHC,+148,-175
2024-04-19,6:40 PM EDT,LAA,CIN,+118,-141
2024-04-19,6:40 PM EDT,BOS,PIT,-105,-115
2024-04-19,6:40 PM EDT,CHW,PHI,+158,-189
2024-04-19,6:45 PM EDT,HOU,WAS,-154,+130
2024-04-19,7:05 PM EDT,TB,NYY,+158,-189
2024-04-19,7:10 PM EDT,ATH,CLE,+140,-164
2024-04-19,7:20 PM EDT,TEX,ATL,+175,-208
2024-04-19,7:40 PM EDT,BAL,KC,-135,+115
2024-04-19,8:10 PM EDT,DET,MIN,+135,-161
2024-04-19,8:15 PM EDT,MIL,STL,-120,+100
2024-04-19,9:40 PM EDT,TOR,SD,-110,-110
2024-04-19,10:10 PM EDT,NYM,LAD,+162,-196
2024-04-19,10:15 PM EDT,AZ,SF,+110,-130
2024-04-20,1:05 PM EDT,TB,NYY,+105,-125
2024-04-20,2:10 PM EDT,DET,MIN,+122,-145
2024-04-20,2:15 PM EDT,MIL,STL,+118,-141
2024-04-20,2:20 PM EDT,MIA,CHC,+118,-141
2024-04-20,4:05 PM EDT,AZ,SF,-120,+100
2024-04-20,4:05 PM EDT,HOU,WAS,-179,+152
2024-04-20,4:05 PM EDT,NYM,LAD,+143,-169
2024-04-20,4:05 PM EDT,BOS,PIT,+100,-120
2024-04-20,6:05 PM EDT,CHW,PHI,+285,-370
2024-04-20,6:10 PM EDT,ATH,CLE,+170,-204
2024-04-20,6:40 PM EDT,LAA,CIN,+100,-120
2024-04-20,7:10 PM EDT,BAL,KC,-125,+105
2024-04-20,7:20 PM EDT,TEX,ATL,+118,-141
2024-04-20,7:40 PM EDT,MIA,CHC,+180,-222
2024-04-20,8:10 PM EDT,SEA,COL,-189,+158
2024-04-20,8:40 PM EDT,TOR,SD,-120,+100
2024-04-21,1:35 PM EDT,BOS,PIT,+130,-154
2024-04-21,1:35 PM EDT,HOU,WAS,-169,+143
2024-04-21,1:35 PM EDT,TB,NYY,+110,-130
2024-04-21,1:35 PM EDT,CHW,PHI,+235,-294
2024-04-21,1:40 PM EDT,LAA,CIN,-110,-110
2024-04-21,1:40 PM EDT,ATH,CLE,+143,-169
2024-04-21,2:10 PM EDT,BAL,KC,-110,-110
2024-04-21,2:10 PM EDT,DET,MIN,+110,-130
2024-04-21,2:15 PM EDT,MIL,STL,+140,-164
2024-04-21,2:20 PM EDT,MIA,CHC,+105,-125
2024-04-21,3:10 PM EDT,SEA,COL,-196,+162
2024-04-21,4:05 PM EDT,AZ,SF,-110,-110
2024-04-21,4:10 PM EDT,TOR,SD,+105,-125
2024-04-21,4:10 PM EDT,NYM,LAD,+210,-263
2024-04-21,7:10 PM EDT,TEX,ATL,+140,-164
2024-04-21,8:10 PM EDT,SEA,COL,-120,+100
2024-04-22,1:05 PM EDT,ATH,NYY,+215,-270
2024-04-22,6:40 PM EDT,PHI,CIN,-110,-110
2024-04-22,6:40 PM EDT,MIL,PIT,+126,-149
2024-04-22,6:50 PM EDT,DET,TB,-105,-115
2024-04-22,7:20 PM EDT,MIA,ATL,+180,-222
2024-04-22,7:40 PM EDT,CHW,MIN,+180,-222
2024-04-22,7:40 PM EDT,TOR,KC,-125,+105
2024-04-22,7:45 PM EDT,AZ,STL,+100,-120
2024-04-22,8:40 PM EDT,SD,COL,-179,+152
2024-04-22,9:38 PM EDT,BAL,LAA,-110,-110
2024-04-22,9:45 PM EDT,NYM,SF,-110,-110
2024-04-23,6:10 PM EDT,BOS,CLE,+105,-125
2024-04-23,6:40 PM EDT,PHI,CIN,-135,+115
2024-04-23,6:40 PM EDT,MIL,PIT,-115,-105
2024-04-23,6:45 PM EDT,LAD,WAS,-238,+196
2024-04-23,6:50 PM EDT,DET,TB,+140,-164
2024-04-23,7:05 PM EDT,ATH,NYY,+180,-222
2024-04-23,7:20 PM EDT,MIA,ATL,+222,-278
2024-04-23,7:40 PM EDT,HOU,CHC,-115,-105
2024-04-23,7:40 PM EDT,TOR,KC,-125,+105
2024-04-23,7:40 PM EDT,CHW,MIN,+235,-294
2024-04-23,7:45 PM EDT,AZ,STL,+122,-145
2024-04-23,8:05 PM EDT,SEA,TEX,-120,+100
2024-04-23,8:40 PM EDT,SD,COL,-135,+115
2024-04-23,9:38 PM EDT,BAL,LAA,-149,+126
2024-04-23,9:45 PM EDT,NYM,SF,+115,-135
2024-04-24,1:15 PM EDT,AZ,STL,-105,-115
2024-04-24,3:45 PM EDT,NYM,SF,-110,-110
2024-04-24,4:07 PM EDT,BAL,LAA,-130,+110
2024-04-24,6:10 PM EDT,BOS,CLE,+115,-135
2024-04-24,6:40 PM EDT,PHI,CIN,+126,-149
2024-04-24,6:40 PM EDT,MIL,PIT,-125,+105
2024-04-24,6:45 PM EDT,LAD,WAS,-179,+150
2024-04-24,6:50 PM EDT,DET,TB,-115,-105
2024-04-24,7:05 PM EDT,ATH,NYY,+196,-238
2024-04-24,7:20 PM EDT,MIA,ATL,+215,-270
2024-04-24,7:40 PM EDT,HOU,CHC,-105,-115
2024-04-24,7:40 PM EDT,CHW,MIN,+175,-208
2024-04-24,7:40 PM EDT,TOR,KC,-135,+115
2024-04-24,8:05 PM EDT,SEA,TEX,+110,-130
2024-04-24,8:40 PM EDT,SD,COL,-161,+135
2024-04-25,12:35 PM EDT,MIL,PIT,-154,+130
2024-04-25,1:10 PM EDT,CHW,MIN,+175,-208
2024-04-25,1:10 PM EDT,PHI,CIN,-169,+143
2024-04-25,1:10 PM EDT,BOS,CLE,+100,-120
2024-04-25,2:10 PM EDT,TOR,KC,-115,-105
2024-04-25,2:20 PM EDT,HOU,CHC,-145,+122
2024-04-25,2:35 PM EDT,SEA,TEX,-120,+100
2024-04-25,3:10 PM EDT,SD,COL,-145,+122
2024-04-25,4:05 PM EDT,LAD,WAS,-179,+150
2024-04-25,7:05 PM EDT,ATH,NYY,+235,-294
2024-04-26,1:10 PM EDT,KC,DET,+110,-130
2024-04-26,7:05 PM EDT,ATH,BAL,+250,-323
2024-04-26,7:07 PM EDT,LAD,TOR,-125,+105
2024-04-26,7:10 PM EDT,CHC,BOS,-110,-110
2024-04-26,7:10 PM EDT,STL,NYM,+105,-125
2024-04-26,7:10 PM EDT,WAS,MIA,+105,-125
2024-04-26,7:20 PM EDT,CLE,ATL,+215,-270
2024-04-26,7:40 PM EDT,TB,CHW,-238,+196
2024-04-26,8:05 PM EDT,CIN,TEX,+143,-169
2024-04-26,8:10 PM EDT,NYY,MIL,-145,+122
2024-04-26,9:38 PM EDT,MIN,LAA,+100,-120
2024-04-26,9:40 PM EDT,PHI,SD,-110,-110
2024-04-26,9:40 PM EDT,AZ,SEA,-130,+110
2024-04-26,10:15 PM EDT,PIT,SF,+122,-145
2024-04-27,3:07 PM EDT,LAD,TOR,-145,+122
2024-04-27,4:05 PM EDT,ATH,BAL,+162,-196
2024-04-27,4:05 PM EDT,STL,NYM,-141,+118
2024-04-27,4:05 PM EDT,CIN,TEX,+100,-120
2024-04-27,4:10 PM EDT,CHC,BOS,-120,+100
2024-04-27,4:10 PM EDT,WAS,MIA,+118,-141
2024-04-27,6:05 PM EDT,HOU,COL,-222,+180
2024-04-27,6:10 PM EDT,KC,DET,-115,-105
2024-04-27,7:10 PM EDT,NYY,MIL,-110,-110
2024-04-27,7:10 PM EDT,TB,CHW,-222,+180
2024-04-27,7:20 PM EDT,CLE,ATL,+143,-169
2024-04-27,8:40 PM EDT,PHI,SD,-105,-115
2024-04-27,9:05 PM EDT,PIT,SF,+122,-145
2024-04-27,9:38 PM EDT,MIN,LAA,-110,-110
2024-04-27,9:40 PM EDT,AZ,SEA,+130,-154
2024-04-28,1:35 PM EDT,ATH,BAL,+178,-213
2024-04-28,1:35 PM EDT,CLE,ATL,+130,-154
2024-04-28,1:37 PM EDT,LAD,TOR,-110,-110
2024-04-28,1:40 PM EDT,WAS,MIA,+115,-135
2024-04-28,1:40 PM EDT,KC,DET,+143,-169
2024-04-28,1:40 PM EDT,STL,NYM,+122,-145
2024-04-28,2:10 PM EDT,NYY,MIL,-141,+118
2024-04-28,2:10 PM EDT,TB,CHW,-145,+122
2024-04-28,2:35 PM EDT,CIN,TEX,+115,-135
2024-04-28,4:05 PM EDT,HOU,COL,-233,+192
2024-04-28,4:05 PM EDT,PIT,SF,-105,-115
2024-04-28,4:07 PM EDT,MIN,LAA,-110,-110
2024-04-28,4:10 PM EDT,PHI,SD,+130,-154
2024-04-28,4:10 PM EDT,AZ,SEA,+118,-141
2024-04-28,7:10 PM EDT,CHC,BOS,+130,-154
2024-04-29,6:35 PM EDT,NYY,BAL,+110,-130
2024-04-29,6:40 PM EDT,WAS,MIA,+126,-149
2024-04-29,7:07 PM EDT,KC,TOR,+148,-175
2024-04-29,7:10 PM EDT,CHC,NYM,+126,-149
2024-04-29,7:40 PM EDT,MIN,CHW,-164,+140
2024-04-29,7:40 PM EDT,TB,MIL,-105,-115
2024-04-29,9:38 PM EDT,PHI,LAA,-161,+135
2024-04-29,9:40 PM EDT,CIN,SD,-105,-115
2024-04-29,9:40 PM EDT,ATL,SEA,-164,+140
2024-04-29,9:40 PM EDT,PIT,ATH,-125,+105
2024-04-29,9:40 PM EDT,LAD,AZ,-135,+115
2024-04-30,3:40 PM EDT,STL,DET,+105,-125
2024-04-30,6:35 PM EDT,NYY,BAL,-130,+110
2024-04-30,6:40 PM EDT,COL,MIA,+115,-135
2024-04-30,6:40 PM EDT,STL,DET,-105,-115
2024-04-30,7:07 PM EDT,KC,TOR,+110,-130
2024-04-30,7:10 PM EDT,CHC,NYM,+105,-125
2024-04-30,7:10 PM EDT,SF,BOS,-130,+110
2024-04-30,7:40 PM EDT,TB,MIL,+150,-179
2024-04-30,7:40 PM EDT,MIN,CHW,-179,+150
2024-04-30,8:05 PM EDT,WAS,TEX,+135,-161
2024-04-30,8:10 PM EDT,CLE,HOU,+143,-169
2024-04-30,9:38 PM EDT,PHI,LAA,-164,+140
2024-04-30,9:40 PM EDT,CIN,SD,+143,-169
2024-04-30,9:40 PM EDT,ATL,SEA,-125,+105
2024-04-30,9:40 PM EDT,PIT,ATH,-130,+110
2024-04-30,9:40 PM EDT,LAD,AZ,-115,-105
2024-05-01,1:10 PM EDT,TB,MIL,+100,-120
2024-05-01,1:10 PM EDT,STL,DET,-120,+100
2024-05-01,2:10 PM EDT,MIN,CHW,-227,+185
2024-05-01,3:07 PM EDT,KC,TOR,+118,-141
2024-05-01,3:37 PM EDT,PIT,ATH,-110,-110
2024-05-01,3:40 PM EDT,ATL,SEA,-179,+150
2024-05-01,4:07 PM EDT,PHI,LAA,-233,+192
2024-05-01,4:10 PM EDT,CIN,SD,+122,-145
2024-05-01,6:35 PM EDT,NYY,BAL,+122,-145
2024-05-01,6:40 PM EDT,COL,MIA,+122,-145
2024-05-01,7:10 PM EDT,SF,BOS,+140,-164
2024-05-01,7:10 PM EDT,CHC,NYM,-120,+100
2024-05-01,8:05 PM EDT,WAS,TEX,+170,-204
2024-05-01,8:10 PM EDT,CLE,HOU,+158,-189
2024-05-01,9:40 PM EDT,LAD,AZ,-135,+115
2024-05-02,12:10 PM EDT,COL,MIA,+150,-179
2024-05-02,1:05 PM EDT,NYY,BAL,-105,-115
2024-05-02,1:10 PM EDT,CHC,NYM,-110,-110
2024-05-02,1:35 PM EDT,SF,BOS,+110,-130
2024-05-02,2:35 PM EDT,WAS,TEX,+158,-189
2024-05-02,8:10 PM EDT,CLE,HOU,+118,-141
2024-05-03,2:20 PM EDT,MIL,CHC,-105,-115
2024-05-03,6:10 PM EDT,BAL,CIN,+100,-120
2024-05-03,6:40 PM EDT,COL,PIT,+150,-179
2024-05-03,6:40 PM EDT,SF,PHI,+143,-169
2024-05-03,6:45 PM EDT,TOR,WAS,-204,+170
2024-05-03,6:50 PM EDT,NYM,TB,+122,-145
2024-05-03,7:05 PM EDT,DET,NYY,+143,-169
2024-05-03,7:10 PM EDT,LAA,CLE,+162,-196
2024-05-03,7:40 PM EDT,TEX,KC,+100,-120
2024-05-03,8:10 PM EDT,BOS,MIN,+105,-125
2024-05-03,8:10 PM EDT,SEA,HOU,-105,-115
2024-05-03,8:15 PM EDT,CHW,STL,+250,-323
2024-05-03,9:40 PM EDT,SD,AZ,-115,-105
2024-05-03,9:40 PM EDT,MIA,ATH,+122,-145
2024-05-03,10:10 PM EDT,ATL,LAD,-110,-110
2024-05-04,1:05 PM EDT,DET,NYY,+148,-175
2024-05-04,2:10 PM EDT,BOS,MIN,+152,-179
2024-05-04,2:15 PM EDT,CHW,STL,+158,-189
2024-05-04,2:20 PM EDT,MIL,CHC,+110,-130
2024-05-04,4:05 PM EDT,COL,PIT,+185,-227
2024-05-04,4:05 PM EDT,TOR,WAS,-169,+143
2024-05-04,4:07 PM EDT,MIA,ATH,+118,-141
2024-05-04,6:05 PM EDT,SF,PHI,+143,-169
2024-05-04,6:10 PM EDT,LAA,CLE,+110,-130
2024-05-04,6:40 PM EDT,BAL,CIN,-105,-115
2024-05-04,7:10 PM EDT,TEX,KC,-110,-110
2024-05-04,7:15 PM EDT,SEA,HOU,+122,-145
2024-05-04,7:15 PM EDT,NYM,TB,-110,-110
2024-05-04,8:10 PM EDT,SD,AZ,+105,-125
2024-05-04,9:10 PM EDT,ATL,LAD,+158,-189
2024-05-05,1:35 PM EDT,COL,PIT,+135,-161
2024-05-05,1:35 PM EDT,TOR,WAS,-105,-115
2024-05-05,1:35 PM EDT,DET,NYY,+110,-130
2024-05-05,1:40 PM EDT,LAA,CLE,+130,-154
2024-05-05,1:40 PM EDT,NYM,TB,-110,-110
2024-05-05,2:10 PM EDT,BOS,MIN,+158,-189
2024-05-05,2:10 PM EDT,SEA,HOU,+115,-135
2024-05-05,2:10 PM EDT,TEX,KC,-135,+115
2024-05-05,2:15 PM EDT,CHW,STL,+140,-164
2024-05-05,2:20 PM EDT,MIL,CHC,-141,+118
2024-05-05,4:07 PM EDT,MIA,ATH,+118,-141
2024-05-05,4:10 PM EDT,BAL,CIN,+110,-130
2024-05-05,4:10 PM EDT,ATL,LAD,-154,+130
2024-05-05,4:10 PM EDT,SD,AZ,-110,-110
2024-05-05,7:10 PM EDT,SF,PHI,-115,-105
2024-05-06,4:05 PM EDT,SF,PHI,+210,-263
2024-05-06,6:10 PM EDT,DET,CLE,+100,-120
2024-05-06,6:40 PM EDT,LAA,PIT,+135,-161
2024-05-06,6:50 PM EDT,CHW,TB,+143,-169
2024-05-06,7:10 PM EDT,MIL,KC,+115,-135
2024-05-06,7:40 PM EDT,SD,CHC,-105,-115
2024-05-06,7:40 PM EDT,SEA,MIN,-120,+100
2024-05-06,7:45 PM EDT,NYM,STL,+115,-135
2024-05-06,9:40 PM EDT,TEX,ATH,-145,+122
2024-05-06,10:10 PM EDT,MIA,LAD,+275,-357
2024-05-07,3:37 PM EDT,TEX,ATH,-130,+110
2024-05-07,6:10 PM EDT,DET,CLE,+118,-141
2024-05-07,6:40 PM EDT,AZ,CIN,-130,+110
2024-05-07,6:40 PM EDT,TOR,PHI,+100,-120
2024-05-07,6:40 PM EDT,LAA,PIT,+115,-135
2024-05-07,6:45 PM EDT,BAL,WAS,-227,+185
2024-05-07,6:50 PM EDT,CHW,TB,+215,-270
2024-05-07,7:05 PM EDT,HOU,NYY,+105,-125
2024-05-07,7:20 PM EDT,BOS,ATL,+158,-189
2024-05-07,7:40 PM EDT,MIL,KC,+110,-130
2024-05-07,7:40 PM EDT,SEA,MIN,+122,-145
2024-05-07,7:40 PM EDT,SD,CHC,+140,-164
2024-05-07,7:45 PM EDT,NYM,STL,+110,-130
2024-05-07,8:40 PM EDT,SF,COL,-161,+135
2024-05-07,10:10 PM EDT,MIA,LAD,+278,-357
2024-05-09,1:10 PM EDT,SEA,MIN,-110,-110
2024-05-09,1:10 PM EDT,AZ,CIN,+118,-141
2024-05-09,3:10 PM EDT,SF,COL,-130,+110
2024-05-09,5:05 PM EDT,HOU,NYY,+130,-154
2024-05-09,7:40 PM EDT,STL,MIL,-141,+118
2024-05-09,7:40 PM EDT,CLE,CHW,-164,+140
2024-05-09,9:38 PM EDT,KC,LAA,-120,+100
2024-05-10,6:40 PM EDT,HOU,DET,-154,+130
2024-05-10,6:40 PM EDT,CHC,PIT,+110,-130
2024-05-10,6:50 PM EDT,NYY,TB,-125,+105
2024-05-10,7:05 PM EDT,AZ,BAL,+115,-135
2024-05-10,7:07 PM EDT,MIN,TOR,-105,-115
2024-05-10,7:10 PM EDT,PHI,MIA,-208,+175
2024-05-10,7:10 PM EDT,ATL,NYM,-145,+122
2024-05-10,7:10 PM EDT,WAS,BOS,+185,-227
2024-05-10,7:40 PM EDT,CLE,CHW,+100,-120
2024-05-10,8:10 PM EDT,STL,MIL,+105,-125
2024-05-10,8:40 PM EDT,TEX,COL,-196,+162
2024-05-10,9:38 PM EDT,KC,LAA,-125,+105
2024-05-10,9:40 PM EDT,ATH,SEA,+135,-161
2024-05-10,9:40 PM EDT,LAD,SD,-175,+148
2024-05-10,10:15 PM EDT,CIN,SF,+122,-145
2024-05-11,3:07 PM EDT,MIN,TOR,+122,-145
2024-05-11,4:05 PM EDT,AZ,BAL,+135,-161
2024-05-11,4:05 PM EDT,CHC,PIT,-120,+100
2024-05-11,4:10 PM EDT,PHI,MIA,-120,+100
2024-05-11,4:10 PM EDT,NYY,TB,-110,-110
2024-05-11,4:10 PM EDT,ATL,NYM,-161,+135
2024-05-11,4:10 PM EDT,WAS,BOS,+135,-161
2024-05-11,6:10 PM EDT,HOU,DET,+135,-161
2024-05-11,7:10 PM EDT,CLE,CHW,-169,+143
2024-05-11,7:15 PM EDT,STL,MIL,+162,-196
2024-05-11,7:15 PM EDT,CIN,SF,-149,+126
2024-05-11,8:10 PM EDT,TEX,COL,-161,+135
2024-05-11,8:40 PM EDT,LAD,SD,-145,+122
2024-05-11,9:38 PM EDT,KC,LAA,-164,+140
2024-05-11,9:40 PM EDT,ATH,SEA,+185,-227
2024-05-12,1:35 PM EDT,WAS,BOS,+115,-135
2024-05-12,1:35 PM EDT,CHC,PIT,-125,+105
2024-05-12,1:35 PM EDT,AZ,BAL,+105,-125
2024-05-12,1:37 PM EDT,MIN,TOR,-120,+100
2024-05-12,1:40 PM EDT,PHI,MIA,-213,+178
2024-05-12,1:40 PM EDT,NYY,TB,-154,+130
2024-05-12,1:40 PM EDT,HOU,DET,-105,-115
2024-05-12,2:10 PM EDT,STL,MIL,+135,-161
2024-05-12,2:10 PM EDT,CLE,CHW,-169,+143
2024-05-12,3:10 PM EDT,TEX,COL,-145,+122
2024-05-12,4:05 PM EDT,CIN,SF,+105,-125
2024-05-12,4:07 PM EDT,KC,LAA,-110,-110
2024-05-12,4:10 PM EDT,ATH,SEA,+185,-227
2024-05-12,4:10 PM EDT,LAD,SD,+100,-120
2024-05-12,7:10 PM EDT,ATL,NYM,-110,-110
2024-05-13,6:35 PM EDT,TOR,BAL,+150,-179
2024-05-13,6:40 PM EDT,MIA,DET,+143,-169
2024-05-13,7:10 PM EDT,PHI,NYM,-110,-110
2024-05-13,7:10 PM EDT,TB,BOS,-105,-115
2024-05-13,7:20 PM EDT,CHC,ATL,+118,-141
2024-05-13,7:40 PM EDT,PIT,MIL,+122,-145
2024-05-13,8:05 PM EDT,CLE,TEX,-110,-110
2024-05-13,8:10 PM EDT,ATH,HOU,+150,-179
2024-05-13,9:38 PM EDT,STL,LAA,-110,-110
2024-05-13,9:40 PM EDT,COL,SD,+185,-227
2024-05-13,9:40 PM EDT,KC,SEA,+130,-154
2024-05-13,9:40 PM EDT,CIN,AZ,+135,-161
2024-05-13,9:45 PM EDT,LAD,SF,-189,+158
2024-05-14,1:10 PM EDT,PHI,NYM,-130,+110
2024-05-14,4:40 PM EDT,WAS,CHW,-115,-105
2024-05-14,6:40 PM EDT,MIA,DET,+158,-189
2024-05-14,7:10 PM EDT,TB,BOS,+100,-120
2024-05-14,7:20 PM EDT,CHC,ATL,+162,-196
2024-05-14,7:40 PM EDT,NYY,MIN,-120,+100
2024-05-14,7:40 PM EDT,PIT,MIL,+135,-161
2024-05-14,8:05 PM EDT,WAS,CHW,-125,+105
2024-05-14,8:05 PM EDT,CLE,TEX,+105,-125
2024-05-14,8:10 PM EDT,ATH,HOU,+158,-189
2024-05-14,9:38 PM EDT,STL,LAA,-145,+122
2024-05-14,9:40 PM EDT,CIN,AZ,-105,-115
2024-05-14,9:40 PM EDT,KC,SEA,+140,-164
2024-05-14,9:40 PM EDT,COL,SD,+240,-303
2024-05-14,9:45 PM EDT,LAD,SF,-189,+158
2024-05-15,12:35 PM EDT,TOR,BAL,+118,-141
2024-05-15,1:10 PM EDT,MIA,DET,+140,-164
2024-05-15,1:10 PM EDT,PIT,MIL,+130,-154
2024-05-15,2:10 PM EDT,WAS,CHW,+148,-175
2024-05-15,3:40 PM EDT,CIN,AZ,+130,-154
2024-05-15,4:10 PM EDT,KC,SEA,+122,-145
2024-05-15,4:10 PM EDT,COL,SD,+205,-250
2024-05-15,6:40 PM EDT,NYM,PHI,+178,-213
2024-05-15,7:10 PM EDT,TB,BOS,+115,-135
2024-05-15,7:20 PM EDT,CHC,ATL,+152,-179
2024-05-15,7:40 PM EDT,NYY,MIN,+118,-141
2024-05-15,8:05 PM EDT,CLE,TEX,+158,-189
2024-05-15,8:10 PM EDT,ATH,HOU,+205,-250
2024-05-15,9:07 PM EDT,STL,LAA,-120,+100
2024-05-15,9:45 PM EDT,LAD,SF,-141,+118
2024-05-16,1:10 PM EDT,NYY,MIN,-105,-115
2024-05-16,6:40 PM EDT,NYM,PHI,+130,-154
2024-05-16,7:10 PM EDT,TB,BOS,-110,-110
2024-05-16,7:40 PM EDT,PIT,CHC,+110,-130
2024-05-16,8:10 PM EDT,ATH,HOU,+175,-208
2024-05-16,10:10 PM EDT,CIN,LAD,+275,-357
2024-05-17,2:20 PM EDT,PIT,CHC,-115,-105
2024-05-17,6:40 PM EDT,WAS,PHI,+205,-250
2024-05-17,7:05 PM EDT,SEA,BAL,+115,-135
2024-05-17,7:05 PM EDT,CHW,NYY,+240,-303
2024-05-17,7:07 PM EDT,TB,TOR,+140,-164
2024-05-17,7:10 PM EDT,NYM,MIA,-125,+105
2024-05-17,7:10 PM EDT,MIN,CLE,+105,-125
2024-05-17,7:20 PM EDT,SD,ATL,+180,-222
2024-05-17,7:40 PM EDT,ATH,KC,+170,-204
2024-05-17,8:05 PM EDT,LAA,TEX,+158,-189
2024-05-17,8:10 PM EDT,MIL,HOU,-120,+100
2024-05-17,8:15 PM EDT,BOS,STL,-105,-115
2024-05-17,9:40 PM EDT,DET,AZ,-135,+115
2024-05-17,10:10 PM EDT,CIN,LAD,+178,-213
2024-05-17,10:15 PM EDT,COL,SF,+122,-145
2024-05-18,1:05 PM EDT,CHW,NYY,+240,-303
2024-05-18,2:20 PM EDT,PIT,CHC,+170,-204
2024-05-18,3:07 PM EDT,TB,TOR,+115,-135
2024-05-18,4:05 PM EDT,SEA,BAL,-110,-110
2024-05-18,4:05 PM EDT,COL,SF,+158,-189
2024-05-18,4:10 PM EDT,NYM,MIA,-125,+105
2024-05-18,6:05 PM EDT,WAS,PHI,+150,-179
2024-05-18,6:10 PM EDT,MIN,CLE,-120,+100
2024-05-18,7:10 PM EDT,MIL,HOU,+143,-169
2024-05-18,7:10 PM EDT,ATH,KC,+158,-189
2024-05-18,7:15 PM EDT,LAA,TEX,+115,-135
2024-05-18,7:15 PM EDT,BOS,STL,-120,+100
2024-05-18,8:10 PM EDT,DET,AZ,+122,-145
2024-05-18,9:10 PM EDT,CIN,LAD,+170,-204
2024-05-19,1:05 PM EDT,BOS,STL,-130,+110
2024-05-19,1:35 PM EDT,SEA,BAL,+122,-145
2024-05-19,1:35 PM EDT,CHW,NYY,+240,-303
2024-05-19,1:35 PM EDT,WAS,PHI,+205,-250
2024-05-19,1:37 PM EDT,TB,TOR,-105,-115
2024-05-19,1:40 PM EDT,NYM,MIA,-141,+118
2024-05-19,1:40 PM EDT,MIN,CLE,-105,-115
2024-05-19,2:10 PM EDT,ATH,KC,+143,-169
2024-05-19,2:10 PM EDT,MIL,HOU,+115,-135
2024-05-19,2:20 PM EDT,PIT,CHC,+105,-125
2024-05-19,2:35 PM EDT,LAA,TEX,+135,-161
2024-05-19,4:05 PM EDT,COL,SF,+170,-204
2024-05-19,4:10 PM EDT,DET,AZ,+130,-154
2024-05-19,4:10 PM EDT,CIN,LAD,+143,-169
2024-05-19,7:10 PM EDT,SD,ATL,+100,-120
2024-05-20,12:20 PM EDT,SD,ATL,+100,-120
2024-05-20,3:07 PM EDT,CHW,TOR,+170,-204
2024-05-20,6:10 PM EDT,NYM,CLE,+105,-125
2024-05-20,6:20 PM EDT,SD,ATL,+215,-270
2024-05-20,6:40 PM EDT,MIL,MIA,-145,+122
2024-05-20,6:45 PM EDT,MIN,WAS,-161,+135
2024-05-20,6:50 PM EDT,BOS,TB,+105,-125
2024-05-20,7:05 PM EDT,SEA,NYY,+122,-145
2024-05-20,7:40 PM EDT,DET,KC,-110,-110
2024-05-20,7:45 PM EDT,BAL,STL,+105,-125
2024-05-20,8:10 PM EDT,LAA,HOU,+185,-227
2024-05-20,10:10 PM EDT,AZ,LAD,+196,-238
2024-05-21,6:10 PM EDT,NYM,CLE,+100,-120
2024-05-21,6:40 PM EDT,SD,CIN,-120,+100
2024-05-21,6:40 PM EDT,TEX,PHI,+143,-169
2024-05-21,6:40 PM EDT,SF,PIT,-135,+115
2024-05-21,6:40 PM EDT,MIL,MIA,-145,+122
2024-05-21,6:45 PM EDT,MIN,WAS,-189,+158
2024-05-21,6:50 PM EDT,BOS,TB,+118,-141
2024-05-21,7:05 PM EDT,SEA,NYY,+140,-164
2024-05-21,7:07 PM EDT,CHW,TOR,+170,-204
2024-05-21,7:40 PM EDT,ATL,CHC,-130,+110
2024-05-21,7:40 PM EDT,DET,KC,-105,-115
2024-05-21,8:10 PM EDT,LAA,HOU,+162,-196
2024-05-21,9:40 PM EDT,COL,ATH,+110,-130
2024-05-21,10:10 PM EDT,AZ,LAD,+140,-164
2024-05-22,12:15 PM EDT,BAL,STL,-175,+148
2024-05-22,1:05 PM EDT,MIN,WAS,-130,+110
2024-05-22,1:10 PM EDT,NYM,CLE,-110,-110
2024-05-22,1:45 PM EDT,BAL,STL,-130,+110
2024-05-22,2:10 PM EDT,LAA,HOU,+178,-213
2024-05-22,2:10 PM EDT,DET,KC,-115,-105
2024-05-22,6:40 PM EDT,TEX,PHI,+105,-125
2024-05-22,6:40 PM EDT,SD,CIN,-130,+110
2024-05-22,6:40 PM EDT,MIL,MIA,-141,+118
2024-05-22,6:40 PM EDT,SF,PIT,+105,-125
2024-05-22,6:50 PM EDT,BOS,TB,+122,-145
2024-05-22,7:05 PM EDT,SEA,NYY,+140,-164
2024-05-22,7:07 PM EDT,CHW,TOR,+205,-250
2024-05-22,7:40 PM EDT,ATL,CHC,-130,+110
2024-05-22,9:40 PM EDT,COL,ATH,+126,-149
2024-05-22,10:10 PM EDT,AZ,LAD,+260,-333
2024-05-23,12:35 PM EDT,SEA,NYY,+130,-154
2024-05-23,12:35 PM EDT,SF,PIT,+158,-189
2024-05-23,1:05 PM EDT,TEX,PHI,+178,-213
2024-05-23,1:10 PM EDT,SD,CIN,-120,+100
2024-05-23,2:20 PM EDT,ATL,CHC,+100,-120
2024-05-23,3:37 PM EDT,COL,ATH,+100,-120
2024-05-23,6:40 PM EDT,TOR,DET,-105,-115
2024-05-23,7:40 PM EDT,BAL,CHW,-250,+205
2024-05-24,6:40 PM EDT,ATL,PIT,-179,+150
2024-05-24,6:40 PM EDT,TOR,DET,-120,+100
2024-05-24,6:45 PM EDT,SEA,WAS,-130,+110
2024-05-24,6:50 PM EDT,KC,TB,-120,+100
2024-05-24,7:10 PM EDT,SF,NYM,+118,-141
2024-05-24,7:10 PM EDT,MIL,BOS,+115,-135
2024-05-24,7:10 PM EDT,LAD,CIN,-164,+140
2024-05-24,7:10 PM EDT,TEX,MIN,+135,-161
2024-05-24,7:40 PM EDT,BAL,CHW,-263,+210
2024-05-24,8:40 PM EDT,PHI,COL,-222,+180
2024-05-24,9:38 PM EDT,CLE,LAA,-115,-105
2024-05-24,9:40 PM EDT,MIA,AZ,+158,-189
2024-05-24,9:40 PM EDT,NYY,SD,-130,+110
2024-05-24,9:40 PM EDT,HOU,ATH,-179,+150
2024-05-25,1:10 PM EDT,TOR,DET,+100,-120
2024-05-25,1:40 PM EDT,SF,NYM,+122,-145
2024-05-25,2:10 PM EDT,TEX,MIN,+122,-145
2024-05-25,2:10 PM EDT,BAL,CHW,-175,+148
2024-05-25,4:05 PM EDT,SEA,WAS,-161,+135
2024-05-25,4:05 PM EDT,ATL,PIT,-164,+140
2024-05-25,4:07 PM EDT,HOU,ATH,-161,+135
2024-05-25,4:10 PM EDT,MIL,BOS,+122,-145
2024-05-25,4:10 PM EDT,KC,TB,-110,-110
2024-05-25,7:15 PM EDT,CHC,STL,-105,-115
2024-05-25,7:15 PM EDT,LAD,CIN,-154,+130
2024-05-25,9:10 PM EDT,PHI,COL,-270,+215
2024-05-25,9:38 PM EDT,CLE,LAA,-154,+130
2024-05-25,9:40 PM EDT,NYY,SD,+105,-125
2024-05-25,10:10 PM EDT,MIA,AZ,+175,-208
2024-05-26,11:35 AM EDT,TOR,DET,-135,+115
2024-05-26,12:10 PM EDT,LAD,CIN,-213,+178
2024-05-26,1:35 PM EDT,SEA,WAS,-179,+150
2024-05-26,1:35 PM EDT,MIL,BOS,+118,-141
2024-05-26,1:35 PM EDT,ATL,PIT,-270,+215
2024-05-26,1:40 PM EDT,KC,TB,+105,-125
2024-05-26,1:40 PM EDT,SF,NYM,-115,-105
2024-05-26,2:10 PM EDT,TEX,MIN,+140,-164
2024-05-26,2:10 PM EDT,BAL,CHW,-164,+140
2024-05-26,3:10 PM EDT,PHI,COL,-213,+178
2024-05-26,4:07 PM EDT,HOU,ATH,-179,+150
2024-05-26,4:07 PM EDT,CLE,LAA,-115,-105
2024-05-26,4:10 PM EDT,NYY,SD,-130,+110
2024-05-26,4:10 PM EDT,MIA,AZ,+115,-135
2024-05-26,7:10 PM EDT,CHC,STL,+126,-149
2024-05-27,1:05 PM EDT,BOS,BAL,+135,-161
2024-05-27,2:10 PM EDT,KC,MIN,+143,-169
2024-05-27,2:10 PM EDT,TOR,CHW,-208,+175
2024-05-27,4:10 PM EDT,CHC,MIL,-115,-105
2024-05-27,4:10 PM EDT,STL,CIN,+135,-161
2024-05-27,4:10 PM EDT,WAS,ATL,+175,-208
2024-05-27,4:10 PM EDT,CLE,COL,-141,+118
2024-05-27,5:05 PM EDT,PHI,SF,+110,-130
2024-05-27,6:40 PM EDT,MIA,SD,+158,-189
2024-05-27,9:40 PM EDT,HOU,SEA,-130,+110
2024-05-28,4:10 PM EDT,LAD,NYM,-227,+185
2024-05-28,6:35 PM EDT,BOS,BAL,+143,-169
2024-05-28,6:40 PM EDT,STL,CIN,+115,-135
2024-05-28,6:50 PM EDT,ATH,TB,+150,-179
2024-05-28,7:20 PM EDT,WAS,ATL,+222,-278
2024-05-28,7:40 PM EDT,CHC,MIL,+140,-164
2024-05-28,7:40 PM EDT,KC,MIN,-135,+115
2024-05-28,7:40 PM EDT,TOR,CHW,-250,+205
2024-05-28,7:40 PM EDT,LAD,NYM,-120,+100
2024-05-28,8:05 PM EDT,AZ,TEX,+110,-130
2024-05-28,8:40 PM EDT,CLE,COL,-145,+122
2024-05-28,9:38 PM EDT,NYY,LAA,-196,+162
2024-05-28,9:40 PM EDT,MIA,SD,+118,-141
2024-05-28,9:40 PM EDT,HOU,SEA,+105,-125
2024-05-28,9:45 PM EDT,PHI,SF,-204,+170
2024-05-29,12:40 PM EDT,PIT,DET,+122,-145
2024-05-29,1:10 PM EDT,STL,CIN,+105,-125
2024-05-29,2:35 PM EDT,AZ,TEX,+115,-135
2024-05-29,3:40 PM EDT,PIT,DET,-141,+118
2024-05-29,3:45 PM EDT,PHI,SF,-130,+110
2024-05-29,4:10 PM EDT,MIA,SD,+158,-189
2024-05-29,4:10 PM EDT,LAD,NYM,-125,+105
2024-05-29,6:35 PM EDT,BOS,BAL,+162,-196
2024-05-29,6:50 PM EDT,ATH,TB,+158,-189
2024-05-29,7:20 PM EDT,WAS,ATL,+130,-154
2024-05-29,7:40 PM EDT,TOR,CHW,-222,+180
2024-05-29,7:40 PM EDT,CHC,MIL,-154,+130
2024-05-29,7:40 PM EDT,KC,MIN,+115,-135
2024-05-29,8:40 PM EDT,CLE,COL,-154,+130
2024-05-29,9:38 PM EDT,NYY,LAA,-213,+178
2024-05-29,9:40 PM EDT,HOU,SEA,-110,-110
2024-05-30,1:10 PM EDT,ATH,TB,+135,-161
2024-05-30,1:10 PM EDT,KC,MIN,+143,-169
2024-05-30,1:10 PM EDT,CHC,MIL,+105,-125
2024-05-30,4:10 PM EDT,HOU,SEA,+115,-135
2024-05-30,7:10 PM EDT,AZ,NYM,-125,+105
2024-05-30,7:10 PM EDT,DET,BOS,+105,-125
2024-05-30,7:20 PM EDT,WAS,ATL,+158,-189
2024-05-30,9:38 PM EDT,NYY,LAA,-175,+148
2024-05-31,2:20 PM EDT,CIN,CHC,+115,-135
2024-05-31,6:40 PM EDT,STL,PHI,+180,-222
2024-05-31,7:05 PM EDT,TB,BAL,+135,-161
2024-05-31,7:07 PM EDT,PIT,TOR,+158,-189
2024-05-31,7:10 PM EDT,DET,BOS,+143,-169
2024-05-31,7:10 PM EDT,TEX,MIA,-145,+122
2024-05-31,7:10 PM EDT,AZ,NYM,+100,-120
2024-05-31,7:10 PM EDT,WAS,CLE,+205,-250
2024-05-31,7:20 PM EDT,ATH,ATL,+192,-233
2024-05-31,8:10 PM EDT,CHW,MIL,+150,-179
2024-05-31,8:10 PM EDT,MIN,HOU,-105,-115
2024-05-31,8:10 PM EDT,SD,KC,-135,+115
2024-05-31,10:10 PM EDT,LAA,SEA,+135,-161
2024-05-31,10:10 PM EDT,COL,LAD,+275,-357
2024-05-31,10:15 PM EDT,NYY,SF,-135,+115
2024-06-01,3:07 PM EDT,PIT,TOR,+130,-154
2024-06-01,4:05 PM EDT,TB,BAL,+143,-169
2024-06-01,4:10 PM EDT,SD,KC,+100,-120
2024-06-01,4:10 PM EDT,AZ,NYM,+105,-125
2024-06-01,4:10 PM EDT,ATH,ATL,+270,-345
2024-06-01,4:10 PM EDT,TEX,MIA,-105,-115
2024-06-01,4:10 PM EDT,CHW,MIL,+150,-179
2024-06-01,4:10 PM EDT,WAS,CLE,+122,-145
2024-06-01,4:10 PM EDT,MIN,HOU,+100,-120
2024-06-01,4:10 PM EDT,DET,BOS,-105,-115
2024-06-01,7:15 PM EDT,CIN,CHC,+126,-149
2024-06-01,7:15 PM EDT,STL,PHI,+140,-164
2024-06-01,7:15 PM EDT,LAA,SEA,+140,-164
2024-06-01,10:05 PM EDT,NYY,SF,-105,-115
2024-06-01,10:10 PM EDT,COL,LAD,+250,-323
2024-06-02,1:05 PM EDT,MIN,HOU,+130,-154
2024-06-02,1:35 PM EDT,TB,BAL,+110,-130
2024-06-02,1:35 PM EDT,ATH,ATL,+205,-250
2024-06-02,1:35 PM EDT,DET,BOS,+135,-161
2024-06-02,1:37 PM EDT,PIT,TOR,+150,-179
2024-06-02,1:40 PM EDT,TEX,MIA,-125,+105
2024-06-02,1:40 PM EDT,WAS,CLE,+115,-135
2024-06-02,1:40 PM EDT,AZ,NYM,-110,-110
2024-06-02,2:10 PM EDT,SD,KC,+105,-125
2024-06-02,2:10 PM EDT,CHW,MIL,+270,-345
2024-06-02,2:20 PM EDT,CIN,CHC,+105,-125
2024-06-02,4:05 PM EDT,NYY,SF,-135,+115
2024-06-02,4:10 PM EDT,COL,LAD,+215,-270
2024-06-02,4:10 PM EDT,LAA,SEA,+175,-208
2024-06-02,7:10 PM EDT,STL,PHI,+118,-141
2024-06-03,6:40 PM EDT,MIL,PHI,+162,-196
2024-06-03,6:45 PM EDT,NYM,WAS,-105,-115
2024-06-03,7:07 PM EDT,BAL,TOR,-120,+100
2024-06-03,8:05 PM EDT,DET,TEX,-115,-105
2024-06-03,8:10 PM EDT,STL,HOU,+158,-189
2024-06-03,8:40 PM EDT,CIN,COL,-110,-110
2024-06-03,9:38 PM EDT,SD,LAA,-145,+122
2024-06-03,9:40 PM EDT,SF,AZ,+110,-130
2024-06-04,6:40 PM EDT,MIL,PHI,+135,-161
2024-06-04,6:40 PM EDT,TB,MIA,-130,+110
2024-06-04,6:40 PM EDT,LAD,PIT,-189,+158
2024-06-04,6:40 PM EDT,KC,CLE,+110,-130
2024-06-04,6:45 PM EDT,NYM,WAS,-141,+118
2024-06-04,7:05 PM EDT,MIN,NYY,+152,-179
2024-06-04,7:07 PM EDT,BAL,TOR,-145,+122
2024-06-04,7:10 PM EDT,ATL,BOS,-164,+140
2024-06-04,8:05 PM EDT,CHW,CHC,+240,-303
2024-06-04,8:05 PM EDT,DET,TEX,-105,-115
2024-06-04,8:10 PM EDT,STL,HOU,+135,-161
2024-06-04,8:40 PM EDT,CIN,COL,-130,+110
2024-06-04,9:38 PM EDT,SD,LAA,-105,-115
2024-06-04,9:40 PM EDT,SF,AZ,+100,-120
2024-06-04,9:40 PM EDT,SEA,ATH,-161,+135
2024-06-05,1:35 PM EDT,ATL,BOS,-110,-110
2024-06-05,2:10 PM EDT,STL,HOU,+135,-161
2024-06-05,3:10 PM EDT,CIN,COL,-149,+126
2024-06-05,3:40 PM EDT,SF,AZ,-115,-105
2024-06-05,4:05 PM EDT,NYM,WAS,-145,+122
2024-06-05,4:05 PM EDT,MIL,PHI,+148,-175
2024-06-05,6:40 PM EDT,TB,MIA,-130,+110
2024-06-05,6:40 PM EDT,LAD,PIT,-105,-115
2024-06-05,7:05 PM EDT,MIN,NYY,+143,-169
2024-06-05,7:07 PM EDT,BAL,TOR,+100,-120
2024-06-05,8:05 PM EDT,DET,TEX,+122,-145
2024-06-05,8:05 PM EDT,CHW,CHC,+162,-196
2024-06-05,9:38 PM EDT,SD,LAA,-169,+143
2024-06-05,9:40 PM EDT,SEA,ATH,-164,+140
2024-06-06,1:07 PM EDT,BAL,TOR,+110,-130
2024-06-06,1:10 PM EDT,KC,CLE,+143,-169
2024-06-06,3:37 PM EDT,SEA,ATH,-161,+135
2024-06-06,6:40 PM EDT,LAD,PIT,-189,+158
2024-06-06,6:45 PM EDT,ATL,WAS,-161,+135
2024-06-06,7:05 PM EDT,MIN,NYY,+130,-154
2024-06-06,7:10 PM EDT,CHC,CIN,+110,-130
2024-06-06,7:45 PM EDT,COL,STL,+192,-233
2024-06-06,8:10 PM EDT,BOS,CHW,-263,+210
2024-06-06,9:40 PM EDT,AZ,SD,-105,-115
2024-06-07,6:40 PM EDT,MIL,DET,-105,-115
2024-06-07,6:40 PM EDT,MIN,PIT,-125,+105
2024-06-07,6:45 PM EDT,ATL,WAS,-213,+178
2024-06-07,6:50 PM EDT,BAL,TB,-120,+100
2024-06-07,7:05 PM EDT,LAD,NYY,-161,+135
2024-06-07,7:10 PM EDT,CHC,CIN,+115,-135
2024-06-07,7:10 PM EDT,CLE,MIA,-120,+100
2024-06-07,8:05 PM EDT,SF,TEX,-125,+105
2024-06-07,8:10 PM EDT,SEA,KC,-120,+100
2024-06-07,8:10 PM EDT,BOS,CHW,-110,-110
2024-06-07,8:15 PM EDT,COL,STL,+158,-189
2024-06-07,9:38 PM EDT,HOU,LAA,-161,+135
2024-06-07,9:40 PM EDT,AZ,SD,+105,-125
2024-06-07,9:40 PM EDT,TOR,ATH,-169,+143
2024-06-08,1:10 PM EDT,PHI,NYM,-175,+148
2024-06-08,4:05 PM EDT,SF,TEX,+100,-120
2024-06-08,4:05 PM EDT,ATL,WAS,-130,+110
2024-06-08,4:05 PM EDT,MIN,PIT,-130,+110
2024-06-08,4:07 PM EDT,TOR,ATH,-169,+143
2024-06-08,4:10 PM EDT,BAL,TB,-135,+115
2024-06-08,4:10 PM EDT,BOS,CHW,-238,+196
2024-06-08,4:10 PM EDT,MIL,DET,-169,+143
2024-06-08,4:10 PM EDT,CHC,CIN,+105,-125
2024-06-08,4:10 PM EDT,SEA,KC,-135,+115
2024-06-08,4:15 PM EDT,COL,STL,+178,-213
2024-06-08,7:35 PM EDT,CLE,MIA,-164,+140
2024-06-08,7:35 PM EDT,LAD,NYY,+100,-120
2024-06-08,8:40 PM EDT,AZ,SD,+135,-161
2024-06-08,10:07 PM EDT,HOU,LAA,-179,+150
2024-06-09,10:10 AM EDT,NYM,PHI,+135,-161
2024-06-09,1:05 PM EDT,SF,TEX,+135,-161
2024-06-09,1:35 PM EDT,ATL,WAS,-164,+140
2024-06-09,1:35 PM EDT,MIN,PIT,+100,-120
2024-06-09,1:40 PM EDT,BAL,TB,-149,+126
2024-06-09,1:40 PM EDT,MIL,DET,+143,-169
2024-06-09,1:40 PM EDT,CHC,CIN,-135,+115
2024-06-09,1:40 PM EDT,CLE,MIA,-125,+105
2024-06-09,2:10 PM EDT,SEA,KC,+118,-141
2024-06-09,2:10 PM EDT,BOS,CHW,-145,+122
2024-06-09,2:15 PM EDT,COL,STL,+143,-169
2024-06-09,4:07 PM EDT,HOU,LAA,-145,+122
2024-06-09,4:07 PM EDT,TOR,ATH,-135,+115
2024-06-09,4:10 PM EDT,AZ,SD,+115,-135
2024-06-09,7:10 PM EDT,LAD,NYY,-135,+115
2024-06-10,6:50 PM EDT,BAL,TB,-149,+126
2024-06-10,7:40 PM EDT,COL,MIN,+205,-250
2024-06-10,8:10 PM EDT,NYY,KC,-115,-105
2024-06-10,8:10 PM EDT,TOR,MIL,+105,-125
2024-06-10,9:40 PM EDT,CHW,SEA,+175,-208
2024-06-10,9:40 PM EDT,ATH,SD,+205,-250
2024-06-10,9:45 PM EDT,HOU,SF,-115,-105
2024-06-11,6:35 PM EDT,ATL,BAL,-145,+122
2024-06-11,6:40 PM EDT,WAS,DET,-105,-115
2024-06-11,6:50 PM EDT,CHC,TB,+115,-135
2024-06-11,7:10 PM EDT,PHI,BOS,-161,+135
2024-06-11,7:10 PM EDT,MIA,NYM,+135,-161
2024-06-11,7:10 PM EDT,CLE,CIN,-105,-115
2024-06-11,7:40 PM EDT,COL,MIN,+175,-208
2024-06-11,7:45 PM EDT,PIT,STL,-145,+122
2024-06-11,8:10 PM EDT,NYY,KC,-130,+110
2024-06-11,8:10 PM EDT,TOR,MIL,-120,+100
2024-06-11,9:40 PM EDT,LAA,AZ,+135,-161
2024-06-11,9:40 PM EDT,ATH,SD,+135,-161
2024-06-11,9:40 PM EDT,CHW,SEA,+150,-179
2024-06-11,9:45 PM EDT,HOU,SF,-105,-115
2024-06-11,10:10 PM EDT,TEX,LAD,+143,-169
2024-06-12,1:10 PM EDT,COL,MIN,+205,-250
2024-06-12,2:10 PM EDT,TOR,MIL,+105,-125
2024-06-12,3:45 PM EDT,HOU,SF,+100,-120
2024-06-12,4:10 PM EDT,ATH,SD,+185,-227
2024-06-12,6:35 PM EDT,ATL,BAL,+100,-120
2024-06-12,6:40 PM EDT,WAS,DET,+100,-120
2024-06-12,6:50 PM EDT,CHC,TB,-105,-115
2024-06-12,7:10 PM EDT,PHI,BOS,-130,+110
2024-06-12,7:10 PM EDT,MIA,NYM,+135,-161
2024-06-12,7:10 PM EDT,CLE,CIN,-110,-110
2024-06-12,7:45 PM EDT,PIT,STL,+150,-179
2024-06-12,8:10 PM EDT,NYY,KC,-175,+148
2024-06-12,9:40 PM EDT,CHW,SEA,+210,-263
2024-06-12,9:40 PM EDT,LAA,AZ,+130,-154
2024-06-12,10:10 PM EDT,TEX,LAD,+140,-164
2024-06-13,1:05 PM EDT,ATL,BAL,-105,-115
2024-06-13,1:10 PM EDT,WAS,DET,+135,-161
2024-06-13,2:10 PM EDT,NYY,KC,-164,+140
2024-06-13,2:15 PM EDT,PIT,STL,-120,+100
2024-06-13,6:50 PM EDT,CHC,TB,-120,+100
2024-06-13,7:10 PM EDT,MIA,NYM,+175,-208
2024-06-13,7:10 PM EDT,PHI,BOS,-110,-110
2024-06-13,7:40 PM EDT,ATH,MIN,+235,-294
2024-06-13,9:40 PM EDT,CHW,SEA,-110,-110
2024-06-13,9:40 PM EDT,LAA,AZ,+162,-196
2024-06-13,10:10 PM EDT,TEX,LAD,+158,-189
2024-06-14,2:20 PM EDT,STL,CHC,+100,-120
2024-06-14,6:30 PM EDT,NYY,BOS,-154,+130
2024-06-14,6:45 PM EDT,MIA,WAS,+158,-189
2024-06-14,7:05 PM EDT,PHI,BAL,+115,-135
2024-06-14,7:07 PM EDT,CLE,TOR,+118,-141
2024-06-14,7:10 PM EDT,SD,NYM,-110,-110
2024-06-14,7:20 PM EDT,TB,ATL,+196,-238
2024-06-14,8:10 PM EDT,DET,HOU,+100,-120
2024-06-14,8:10 PM EDT,CIN,MIL,+143,-169
2024-06-14,8:10 PM EDT,ATH,MIN,+150,-179
2024-06-14,8:40 PM EDT,PIT,COL,-120,+100
2024-06-14,9:40 PM EDT,CHW,AZ,+162,-196
2024-06-14,10:10 PM EDT,TEX,SEA,+118,-141
2024-06-14,10:10 PM EDT,KC,LAD,+130,-154
2024-06-14,10:15 PM EDT,LAA,SF,+130,-154
2024-06-15,2:20 PM EDT,STL,CHC,+162,-196
2024-06-15,3:07 PM EDT,CLE,TOR,+105,-125
2024-06-15,4:05 PM EDT,PHI,BAL,+158,-189
2024-06-15,4:05 PM EDT,MIA,WAS,+105,-125
2024-06-15,4:05 PM EDT,LAA,SF,+122,-145
2024-06-15,4:10 PM EDT,SD,NYM,+115,-135
2024-06-15,4:10 PM EDT,CIN,MIL,+115,-135
2024-06-15,4:10 PM EDT,TB,ATL,+110,-130
2024-06-15,4:10 PM EDT,DET,HOU,-105,-115
2024-06-15,7:15 PM EDT,TEX,SEA,+100,-120
2024-06-15,7:15 PM EDT,NYY,BOS,-204,+170
2024-06-15,9:10 PM EDT,KC,LAD,+205,-250
2024-06-15,9:10 PM EDT,PIT,COL,-164,+140
2024-06-15,10:10 PM EDT,CHW,AZ,+140,-164
2024-06-16,1:05 PM EDT,STL,CHC,+110,-130
2024-06-16,1:35 PM EDT,PHI,BAL,+115,-135
2024-06-16,1:35 PM EDT,TB,ATL,+100,-120
2024-06-16,1:35 PM EDT,MIA,WAS,+110,-130
2024-06-16,1:37 PM EDT,CLE,TOR,+100,-120
2024-06-16,1:40 PM EDT,SD,NYM,-149,+126
2024-06-16,2:10 PM EDT,DET,HOU,+140,-164
2024-06-16,2:10 PM EDT,ATH,MIN,+180,-222
2024-06-16,2:10 PM EDT,CIN,MIL,+122,-145
2024-06-16,3:10 PM EDT,PIT,COL,-120,+100
2024-06-16,4:05 PM EDT,LAA,SF,+135,-161
2024-06-16,4:10 PM EDT,TEX,SEA,+122,-145
2024-06-16,4:10 PM EDT,CHW,AZ,+150,-179
2024-06-16,4:10 PM EDT,KC,LAD,+210,-263
2024-06-16,7:10 PM EDT,NYY,BOS,-154,+130
2024-06-16,7:40 PM EDT,ATH,MIN,+175,-208
2024-06-17,6:40 PM EDT,SD,PHI,+170,-204
2024-06-17,6:40 PM EDT,STL,MIA,-154,+130
2024-06-17,6:40 PM EDT,CIN,PIT,+158,-189
2024-06-17,7:07 PM EDT,BOS,TOR,+100,-120
2024-06-17,7:20 PM EDT,DET,ATL,+175,-208
2024-06-17,8:05 PM EDT,SF,CHC,-105,-115
2024-06-17,8:05 PM EDT,NYM,TEX,+118,-141
2024-06-17,8:40 PM EDT,LAD,COL,-164,+140
2024-06-17,9:38 PM EDT,MIL,LAA,-110,-110
2024-06-18,6:10 PM EDT,STL,MIA,-145,+122
2024-06-18,6:40 PM EDT,SD,PHI,+140,-164
2024-06-18,6:40 PM EDT,SEA,CLE,+118,-141
2024-06-18,6:40 PM EDT,CIN,PIT,-125,+105
2024-06-18,6:45 PM EDT,AZ,WAS,+115,-135
2024-06-18,7:05 PM EDT,BAL,NYY,+118,-141
2024-06-18,7:07 PM EDT,BOS,TOR,-135,+115
2024-06-18,7:20 PM EDT,DET,ATL,+135,-161
2024-06-18,7:40 PM EDT,TB,MIN,+162,-196
2024-06-18,8:05 PM EDT,SF,CHC,-110,-110
2024-06-18,8:05 PM EDT,NYM,TEX,-125,+105
2024-06-18,8:10 PM EDT,HOU,CHW,-175,+148
2024-06-18,8:40 PM EDT,LAD,COL,-196,+162
2024-06-18,9:38 PM EDT,MIL,LAA,-161,+135
2024-06-18,9:40 PM EDT,KC,ATH,-135,+115
2024-06-19,12:20 PM EDT,DET,ATL,+115,-135
2024-06-19,12:35 PM EDT,CIN,PIT,+110,-130
2024-06-19,12:40 PM EDT,STL,MIA,-161,+135
2024-06-19,1:05 PM EDT,SD,PHI,+158,-189
2024-06-19,2:20 PM EDT,SF,CHC,-110,-110
2024-06-19,4:05 PM EDT,AZ,WAS,-179,+150
2024-06-19,6:40 PM EDT,SEA,CLE,+126,-149
2024-06-19,7:05 PM EDT,BAL,NYY,+122,-145
2024-06-19,7:07 PM EDT,BOS,TOR,+118,-141
2024-06-19,7:40 PM EDT,TB,MIN,+143,-169
2024-06-19,8:05 PM EDT,NYM,TEX,-115,-105
2024-06-19,8:10 PM EDT,HOU,CHW,-115,-105
2024-06-19,8:40 PM EDT,LAD,COL,-204,+170
2024-06-19,9:38 PM EDT,MIL,LAA,-189,+158
2024-06-19,9:40 PM EDT,KC,ATH,-204,+170
2024-06-20,1:05 PM EDT,AZ,WAS,+122,-145
2024-06-20,1:10 PM EDT,TB,MIN,+130,-154
2024-06-20,1:10 PM EDT,SEA,CLE,+110,-130
2024-06-20,2:10 PM EDT,HOU,CHW,-179,+150
2024-06-20,3:10 PM EDT,LAD,COL,-222,+180
2024-06-20,3:37 PM EDT,KC,ATH,-154,+130
2024-06-20,4:05 PM EDT,BAL,NYY,+148,-175
2024-06-20,7:15 PM EDT,SF,STL,-120,+100
2024-06-20,9:40 PM EDT,MIL,SD,-105,-115
2024-06-21,2:20 PM EDT,NYM,CHC,+130,-154
2024-06-21,6:40 PM EDT,AZ,PHI,+126,-149
2024-06-21,6:40 PM EDT,CHW,DET,+158,-189
2024-06-21,6:40 PM EDT,TB,PIT,-141,+118
2024-06-21,7:05 PM EDT,ATL,NYY,-110,-110
2024-06-21,7:10 PM EDT,BOS,CIN,-115,-105
2024-06-21,7:10 PM EDT,SEA,MIA,-179,+150
2024-06-21,7:10 PM EDT,TOR,CLE,+110,-130
2024-06-21,8:05 PM EDT,KC,TEX,+122,-145
2024-06-21,8:10 PM EDT,BAL,HOU,-161,+135
2024-06-21,8:40 PM EDT,WAS,COL,-125,+105
2024-06-21,9:40 PM EDT,MIL,SD,+135,-161
2024-06-21,9:40 PM EDT,MIN,ATH,-161,+135
2024-06-21,10:10 PM EDT,LAA,LAD,+162,-196
2024-06-22,1:10 PM EDT,CHW,DET,+148,-175
2024-06-22,2:15 PM EDT,SF,STL,+100,-120
2024-06-22,2:20 PM EDT,NYM,CHC,-125,+105
2024-06-22,4:05 PM EDT,KC,TEX,+122,-145
2024-06-22,4:05 PM EDT,AZ,PHI,+215,-270
2024-06-22,4:05 PM EDT,TB,PIT,-105,-115
2024-06-22,4:07 PM EDT,MIN,ATH,-179,+152
2024-06-22,4:10 PM EDT,BOS,CIN,-120,+100
2024-06-22,4:10 PM EDT,SEA,MIA,-169,+143
2024-06-22,4:10 PM EDT,BAL,HOU,-145,+122
2024-06-22,4:10 PM EDT,TOR,CLE,+122,-145
2024-06-22,7:15 PM EDT,ATL,NYY,+118,-141
2024-06-22,7:15 PM EDT,MIL,SD,-120,+100
2024-06-22,9:10 PM EDT,WAS,COL,-115,-105
2024-06-22,10:10 PM EDT,LAA,LAD,+320,-417
2024-06-23,11:35 AM EDT,AZ,PHI,+205,-250
2024-06-23,1:35 PM EDT,ATL,NYY,+105,-125
2024-06-23,1:35 PM EDT,TB,PIT,+140,-164
2024-06-23,1:40 PM EDT,CHW,DET,+162,-196
2024-06-23,1:40 PM EDT,BOS,CIN,+135,-161
2024-06-23,1:40 PM EDT,TOR,CLE,-105,-115
2024-06-23,1:40 PM EDT,SEA,MIA,-154,+130
2024-06-23,2:10 PM EDT,BAL,HOU,-115,-105
2024-06-23,2:15 PM EDT,SF,STL,+105,-125
2024-06-23,2:35 PM EDT,KC,TEX,+140,-164
2024-06-23,3:10 PM EDT,WAS,COL,-135,+115
2024-06-23,4:07 PM EDT,MIN,ATH,-179,+150
2024-06-23,4:10 PM EDT,MIL,SD,+115,-135
2024-06-23,7:10 PM EDT,NYM,CHC,-105,-115
2024-06-24,6:35 PM EDT,CLE,BAL,-105,-115
2024-06-24,6:40 PM EDT,PHI,DET,-179,+150
2024-06-24,6:50 PM EDT,SEA,TB,-105,-115
2024-06-24,7:10 PM EDT,TOR,BOS,+140,-164
2024-06-24,7:10 PM EDT,PIT,CIN,+115,-135
2024-06-24,7:45 PM EDT,ATL,STL,-125,+105
2024-06-24,8:10 PM EDT,TEX,MIL,+152,-179
2024-06-24,8:10 PM EDT,MIA,KC,+210,-263
2024-06-24,8:10 PM EDT,LAD,CHW,-115,-105
2024-06-24,9:38 PM EDT,ATH,LAA,+122,-145
2024-06-24,9:40 PM EDT,WAS,SD,+158,-189
2024-06-24,9:45 PM EDT,CHC,SF,-120,+100
2024-06-25,6:35 PM EDT,CLE,BAL,+135,-161
2024-06-25,6:40 PM EDT,PHI,DET,-120,+100
2024-06-25,6:50 PM EDT,SEA,TB,-130,+110
2024-06-25,7:10 PM EDT,TOR,BOS,+110,-130
2024-06-25,7:10 PM EDT,NYY,NYM,-149,+126
2024-06-25,7:10 PM EDT,PIT,CIN,+110,-130
2024-06-25,8:10 PM EDT,COL,HOU,+222,-278
2024-06-25,8:10 PM EDT,MIA,KC,+162,-196
2024-06-25,8:10 PM EDT,TEX,MIL,-110,-110
2024-06-25,8:10 PM EDT,LAD,CHW,-227,+185
2024-06-25,9:38 PM EDT,ATH,LAA,+105,-125
2024-06-25,9:40 PM EDT,MIN,AZ,-130,+110
2024-06-25,9:40 PM EDT,WAS,SD,-125,+105
2024-06-25,9:45 PM EDT,CHC,SF,+105,-125
2024-06-26,12:10 PM EDT,SEA,TB,+100,-120
2024-06-26,1:10 PM EDT,PHI,DET,-175,+148
2024-06-26,1:10 PM EDT,PIT,CIN,+118,-141
2024-06-26,1:45 PM EDT,ATL,STL,-130,+110
2024-06-26,2:10 PM EDT,TEX,MIL,-115,-105
2024-06-26,2:10 PM EDT,COL,HOU,+158,-189
2024-06-26,2:10 PM EDT,MIA,KC,+175,-208
2024-06-26,4:07 PM EDT,ATH,LAA,+110,-130
2024-06-26,4:10 PM EDT,WAS,SD,+158,-189
2024-06-26,6:35 PM EDT,CLE,BAL,+196,-238
2024-06-26,7:10 PM EDT,NYY,NYM,-135,+115
2024-06-26,7:15 PM EDT,ATL,STL,-120,+100
2024-06-26,8:10 PM EDT,LAD,CHW,-179,+150
2024-06-26,9:40 PM EDT,MIN,AZ,-135,+115
2024-06-26,9:45 PM EDT,CHC,SF,-110,-110
2024-06-27,3:40 PM EDT,MIN,AZ,-120,+100
2024-06-27,3:45 PM EDT,CHC,SF,-110,-110
2024-06-27,4:10 PM EDT,ATL,CHW,-303,+240
2024-06-27,6:20 PM EDT,MIA,PHI,+240,-303
2024-06-27,6:35 PM EDT,TEX,BAL,+158,-189
2024-06-27,7:07 PM EDT,NYY,TOR,-135,+115
2024-06-27,7:45 PM EDT,CIN,STL,+122,-145
2024-06-27,8:10 PM EDT,CLE,KC,-120,+100
2024-06-27,9:38 PM EDT,DET,LAA,-161,+135
2024-06-28,6:20 PM EDT,MIA,PHI,+180,-222
2024-06-28,6:50 PM EDT,WAS,TB,+140,-164
2024-06-28,7:05 PM EDT,TEX,BAL,+100,-120
2024-06-28,7:07 PM EDT,NYY,TOR,-110,-110
2024-06-28,7:10 PM EDT,HOU,NYM,-105,-115
2024-06-28,7:10 PM EDT,COL,CHW,+115,-135
2024-06-28,7:10 PM EDT,SD,BOS,+135,-161
2024-06-28,7:20 PM EDT,PIT,ATL,+175,-208
2024-06-28,8:10 PM EDT,CHC,MIL,+118,-141
2024-06-28,8:10 PM EDT,CLE,KC,-110,-110
2024-06-28,8:15 PM EDT,CIN,STL,+110,-130
2024-06-28,9:38 PM EDT,DET,LAA,-120,+100
2024-06-28,9:40 PM EDT,MIN,SEA,+105,-125
2024-06-28,9:40 PM EDT,ATH,AZ,+150,-179
2024-06-28,10:15 PM EDT,LAD,SF,-105,-115
2024-06-29,2:10 PM EDT,COL,CHW,+100,-120
2024-06-29,2:15 PM EDT,CIN,STL,+170,-204
2024-06-29,3:07 PM EDT,NYY,TOR,-130,+110
2024-06-29,4:05 PM EDT,MIA,PHI,+215,-270
2024-06-29,4:10 PM EDT,ATH,AZ,+162,-196
2024-06-29,4:10 PM EDT,CHC,MIL,+100,-120
2024-06-29,4:10 PM EDT,SD,BOS,+118,-141
2024-06-29,4:10 PM EDT,WAS,TB,+115,-135
2024-06-29,4:10 PM EDT,PIT,ATL,+118,-141
2024-06-29,4:10 PM EDT,CLE,KC,-125,+105
2024-06-29,4:10 PM EDT,HOU,NYM,+105,-125
2024-06-29,7:15 PM EDT,TEX,BAL,+135,-161
2024-06-29,7:15 PM EDT,LAD,SF,-196,+162
2024-06-29,10:07 PM EDT,DET,LAA,-120,+100
2024-06-29,10:10 PM EDT,MIN,SEA,-120,+100
2024-06-30,11:35 AM EDT,PIT,ATL,+170,-204
2024-06-30,1:35 PM EDT,SD,BOS,-110,-110
2024-06-30,1:35 PM EDT,MIA,PHI,+215,-270
2024-06-30,1:37 PM EDT,NYY,TOR,-110,-110
2024-06-30,1:40 PM EDT,WAS,TB,+162,-196
2024-06-30,1:40 PM EDT,HOU,NYM,+110,-130
2024-06-30,2:10 PM EDT,CHC,MIL,+162,-196
2024-06-30,2:10 PM EDT,COL,CHW,+192,-233
2024-06-30,2:10 PM EDT,CLE,KC,+110,-130
2024-06-30,2:15 PM EDT,CIN,STL,+100,-120
2024-06-30,4:05 PM EDT,LAD,SF,-130,+110
2024-06-30,4:07 PM EDT,DET,LAA,-115,-105
2024-06-30,4:10 PM EDT,MIN,SEA,-115,-105
2024-06-30,4:10 PM EDT,ATH,AZ,+170,-204
2024-06-30,7:10 PM EDT,TEX,BAL,+150,-179
2024-07-01,3:07 PM EDT,HOU,TOR,-135,+115
2024-07-01,6:45 PM EDT,NYM,WAS,-130,+110
2024-07-01,8:40 PM EDT,MIL,COL,-149,+126
2024-07-02,6:40 PM EDT,BOS,MIA,-161,+135
2024-07-02,6:40 PM EDT,STL,PIT,+100,-120
2024-07-02,6:40 PM EDT,CHW,CLE,+185,-227
2024-07-02,6:45 PM EDT,NYM,WAS,-145,+122
2024-07-02,7:05 PM EDT,CIN,NYY,+185,-227
2024-07-02,7:07 PM EDT,HOU,TOR,-105,-115
2024-07-02,7:20 PM EDT,SF,ATL,+162,-196
2024-07-02,7:40 PM EDT,DET,MIN,+110,-130
2024-07-02,8:05 PM EDT,PHI,CHC,+100,-120
2024-07-02,8:05 PM EDT,SD,TEX,-120,+100
2024-07-02,8:10 PM EDT,TB,KC,-105,-115
2024-07-02,8:40 PM EDT,MIL,COL,-125,+105
2024-07-02,9:40 PM EDT,BAL,SEA,-115,-105
2024-07-02,9:40 PM EDT,LAA,ATH,-115,-105
2024-07-02,10:10 PM EDT,AZ,LAD,+162,-196
2024-07-03,6:40 PM EDT,BOS,MIA,-130,+110
2024-07-03,6:40 PM EDT,STL,PIT,+105,-125
2024-07-03,6:40 PM EDT,CHW,CLE,+185,-227
2024-07-03,6:45 PM EDT,NYM,WAS,-145,+122
2024-07-03,7:05 PM EDT,CIN,NYY,+158,-189
2024-07-03,7:07 PM EDT,HOU,TOR,-115,-105
2024-07-03,7:20 PM EDT,SF,ATL,+175,-208
2024-07-03,8:05 PM EDT,PHI,CHC,-120,+100
2024-07-03,8:05 PM EDT,SD,TEX,+118,-141
2024-07-03,8:10 PM EDT,DET,MIN,+143,-169
2024-07-03,8:10 PM EDT,TB,KC,-105,-115
2024-07-03,8:40 PM EDT,MIL,COL,-175,+148
2024-07-03,9:40 PM EDT,LAA,ATH,-115,-105
2024-07-03,10:10 PM EDT,BAL,SEA,+110,-130
2024-07-03,10:10 PM EDT,AZ,LAD,+170,-204
2024-07-04,11:05 AM EDT,NYM,WAS,-115,-105
2024-07-04,12:35 PM EDT,STL,PIT,-110,-110
2024-07-04,1:05 PM EDT,CIN,NYY,+162,-196
2024-07-04,1:07 PM EDT,HOU,TOR,-110,-110
2024-07-04,1:10 PM EDT,DET,MIN,+158,-189
2024-07-04,1:10 PM EDT,BOS,MIA,-169,+143
2024-07-04,1:10 PM EDT,CHW,CLE,+205,-250
2024-07-04,2:20 PM EDT,PHI,CHC,-130,+110
2024-07-04,2:35 PM EDT,SD,TEX,-105,-115
2024-07-04,4:07 PM EDT,LAA,ATH,-105,-115
2024-07-04,4:10 PM EDT,BAL,SEA,-145,+122
2024-07-04,7:20 PM EDT,SF,ATL,+115,-135
2024-07-04,8:10 PM EDT,MIL,COL,-141,+118
2024-07-04,8:10 PM EDT,TB,KC,-105,-115
2024-07-04,9:10 PM EDT,AZ,LAD,+100,-120
2024-07-05,2:20 PM EDT,LAA,CHC,+170,-204
2024-07-05,6:40 PM EDT,NYM,PIT,+118,-141
2024-07-05,6:45 PM EDT,STL,WAS,-164,+140
2024-07-05,7:05 PM EDT,BOS,NYY,+118,-141
2024-07-05,7:10 PM EDT,CHW,MIA,+115,-135
2024-07-05,7:10 PM EDT,SF,CLE,+158,-189
2024-07-05,7:15 PM EDT,DET,CIN,+110,-130
2024-07-05,7:20 PM EDT,PHI,ATL,+118,-141
2024-07-05,8:05 PM EDT,TB,TEX,-115,-105
2024-07-05,8:10 PM EDT,KC,COL,-179,+152
2024-07-05,8:10 PM EDT,HOU,MIN,+130,-154
2024-07-05,9:40 PM EDT,TOR,SEA,+115,-135
2024-07-05,9:40 PM EDT,AZ,SD,-115,-105
2024-07-05,9:40 PM EDT,BAL,ATH,-164,+140
2024-07-05,10:10 PM EDT,MIL,LAD,+175,-208
2024-07-06,1:05 PM EDT,BOS,NYY,+143,-169
2024-07-06,2:10 PM EDT,HOU,MIN,+115,-135
2024-07-06,2:20 PM EDT,LAA,CHC,+130,-154
2024-07-06,4:05 PM EDT,STL,WAS,+110,-130
2024-07-06,4:05 PM EDT,TB,TEX,-105,-115
2024-07-06,4:05 PM EDT,NYM,PIT,-130,+110
2024-07-06,4:07 PM EDT,BAL,ATH,-154,+130
2024-07-06,4:10 PM EDT,TOR,SEA,-110,-110
2024-07-06,4:10 PM EDT,DET,CIN,+135,-161
2024-07-06,4:10 PM EDT,CHW,MIA,-154,+130
2024-07-06,4:10 PM EDT,SF,CLE,+115,-135
2024-07-06,7:15 PM EDT,PHI,ATL,+105,-125
2024-07-06,7:15 PM EDT,MIL,LAD,-110,-110
2024-07-06,9:10 PM EDT,KC,COL,-154,+130
2024-07-06,9:40 PM EDT,AZ,SD,+110,-130
2024-07-07,1:35 PM EDT,NYM,PIT,-130,+110
2024-07-07,1:35 PM EDT,STL,WAS,-110,-110
2024-07-07,1:35 PM EDT,PHI,ATL,+135,-161
2024-07-07,1:40 PM EDT,CHW,MIA,+122,-145
2024-07-07,1:40 PM EDT,DET,CIN,-135,+115
2024-07-07,1:40 PM EDT,SF,CLE,+115,-135
2024-07-07,2:10 PM EDT,HOU,MIN,+135,-161
2024-07-07,2:20 PM EDT,LAA,CHC,+122,-145
2024-07-07,2:35 PM EDT,TB,TEX,+115,-135
2024-07-07,3:10 PM EDT,KC,COL,-169,+143
2024-07-07,4:07 PM EDT,BAL,ATH,-175,+148
2024-07-07,4:10 PM EDT,AZ,SD,+140,-164
2024-07-07,4:10 PM EDT,TOR,SEA,+122,-145
2024-07-07,4:10 PM EDT,MIL,LAD,+140,-164
2024-07-07,7:10 PM EDT,BOS,NYY,+110,-130
2024-07-08,12:35 PM EDT,NYM,PIT,+105,-125
2024-07-08,4:05 PM EDT,STL,WAS,+105,-125
2024-07-08,6:40 PM EDT,CLE,DET,-141,+118
2024-07-08,7:10 PM EDT,COL,CIN,+143,-169
2024-07-08,8:10 PM EDT,MIN,CHW,-227,+185
2024-07-08,9:38 PM EDT,TEX,LAA,-161,+135
2024-07-08,9:40 PM EDT,ATL,AZ,-115,-105
2024-07-09,6:35 PM EDT,CHC,BAL,+175,-208
2024-07-09,6:40 PM EDT,LAD,PHI,+135,-161
2024-07-09,6:40 PM EDT,CLE,DET,-145,+122
2024-07-09,6:50 PM EDT,NYY,TB,-120,+100
2024-07-09,7:10 PM EDT,WAS,NYM,+118,-141
2024-07-09,7:10 PM EDT,ATH,BOS,+178,-213
2024-07-09,7:10 PM EDT,COL,CIN,+162,-196
2024-07-09,8:10 PM EDT,MIA,HOU,+158,-189
2024-07-09,8:10 PM EDT,PIT,MIL,+140,-164
2024-07-09,9:38 PM EDT,TEX,LAA,-179,+150
2024-07-09,9:40 PM EDT,ATL,AZ,-115,-105
2024-07-09,9:40 PM EDT,SEA,SD,-135,+115
2024-07-09,9:45 PM EDT,TOR,SF,+115,-135
2024-07-10,1:45 PM EDT,KC,STL,+126,-149
2024-07-10,2:10 PM EDT,MIN,CHW,-233,+192
2024-07-10,5:05 PM EDT,MIN,CHW,-161,+135
2024-07-10,6:35 PM EDT,CHC,BAL,+152,-179
2024-07-10,6:40 PM EDT,SEA,SD,+122,-145
2024-07-10,6:40 PM EDT,CLE,DET,-149,+126
2024-07-10,6:50 PM EDT,NYY,TB,-105,-115
2024-07-10,7:05 PM EDT,LAD,PHI,+115,-135
2024-07-10,7:10 PM EDT,WAS,NYM,+170,-204
2024-07-10,7:10 PM EDT,ATH,BOS,+162,-196
2024-07-10,7:10 PM EDT,COL,CIN,+162,-196
2024-07-10,7:45 PM EDT,KC,STL,+100,-120
2024-07-10,8:10 PM EDT,MIA,HOU,+196,-238
2024-07-10,8:10 PM EDT,PIT,MIL,+135,-161
2024-07-10,9:38 PM EDT,TEX,LAA,-130,+110
2024-07-10,9:40 PM EDT,ATL,AZ,-125,+105
2024-07-10,9:45 PM EDT,TOR,SF,+135,-161
2024-07-11,1:10 PM EDT,CLE,DET,+100,-120
2024-07-11,1:10 PM EDT,COL,CIN,+175,-208
2024-07-11,1:10 PM EDT,WAS,NYM,+130,-154
2024-07-11,2:10 PM EDT,PIT,MIL,-120,+100
2024-07-11,3:45 PM EDT,TOR,SF,+110,-130
2024-07-11,6:05 PM EDT,LAD,PHI,+130,-154
2024-07-11,6:35 PM EDT,CHC,BAL,+122,-145
2024-07-11,6:50 PM EDT,NYY,TB,-120,+100
2024-07-11,7:10 PM EDT,ATH,BOS,+205,-250
2024-07-11,8:10 PM EDT,MIA,HOU,+196,-238
2024-07-11,9:38 PM EDT,SEA,LAA,-169,+143
2024-07-11,9:40 PM EDT,ATL,AZ,-105,-115
2024-07-12,6:40 PM EDT,ATH,PHI,+210,-263
2024-07-12,6:40 PM EDT,LAD,DET,+122,-145
2024-07-12,6:50 PM EDT,CLE,TB,+115,-135
2024-07-12,7:05 PM EDT,NYY,BAL,-130,+110
2024-07-12,7:10 PM EDT,MIA,CIN,+150,-179
2024-07-12,7:10 PM EDT,KC,BOS,-115,-105
2024-07-12,7:10 PM EDT,COL,NYM,+228,-286
2024-07-12,8:10 PM EDT,TEX,HOU,+122,-145
2024-07-12,8:10 PM EDT,PIT,CHW,+135,-161
2024-07-12,8:10 PM EDT,WAS,MIL,+215,-270
2024-07-12,8:15 PM EDT,CHC,STL,+170,-204
2024-07-12,9:38 PM EDT,SEA,LAA,-130,+110
2024-07-12,9:40 PM EDT,TOR,AZ,+115,-135
2024-07-12,9:40 PM EDT,ATL,SD,-120,+100
2024-07-12,10:15 PM EDT,MIN,SF,-154,+130
2024-07-13,1:10 PM EDT,LAD,DET,-120,+100
2024-07-13,2:10 PM EDT,PIT,CHW,-145,+122
2024-07-13,2:15 PM EDT,CHC,STL,+115,-135
2024-07-13,4:05 PM EDT,ATH,PHI,+162,-196
2024-07-13,4:05 PM EDT,NYY,BAL,+118,-141
2024-07-13,4:10 PM EDT,COL,NYM,+175,-208
2024-07-13,4:10 PM EDT,KC,BOS,+115,-135
2024-07-13,4:10 PM EDT,TEX,HOU,-120,+100
2024-07-13,4:10 PM EDT,WAS,MIL,+115,-135
2024-07-13,4:10 PM EDT,CLE,TB,-115,-105
2024-07-13,4:10 PM EDT,MIA,CIN,+130,-154
2024-07-13,7:15 PM EDT,ATL,SD,+118,-141
2024-07-13,7:15 PM EDT,MIN,SF,+110,-130
2024-07-13,8:15 PM EDT,CHC,STL,+118,-141
2024-07-13,9:38 PM EDT,SEA,LAA,-145,+122
2024-07-13,10:10 PM EDT,TOR,AZ,+105,-125
2024-07-14,11:35 AM EDT,NYY,BAL,-120,+100
2024-07-14,1:35 PM EDT,ATH,PHI,+205,-250
2024-07-14,1:35 PM EDT,KC,BOS,+122,-145
2024-07-14,1:40 PM EDT,CLE,TB,+110,-130
2024-07-14,1:40 PM EDT,COL,NYM,+170,-204
2024-07-14,1:40 PM EDT,LAD,DET,-135,+115
2024-07-14,1:40 PM EDT,MIA,CIN,+158,-189
2024-07-14,2:10 PM EDT,PIT,CHW,-179,+150
2024-07-14,2:10 PM EDT,TEX,HOU,+105,-125
2024-07-14,2:10 PM EDT,WAS,MIL,+130,-154
2024-07-14,2:15 PM EDT,CHC,STL,+105,-125
2024-07-14,4:05 PM EDT,MIN,SF,+118,-141
2024-07-14,4:07 PM EDT,SEA,LAA,-161,+135
2024-07-14,4:10 PM EDT,TOR,AZ,+130,-154
2024-07-14,4:10 PM EDT,ATL,SD,-164,+140
2024-07-19,2:20 PM EDT,AZ,CHC,+135,-161
2024-07-19,6:40 PM EDT,PHI,PIT,-179,+150
2024-07-19,6:45 PM EDT,CIN,WAS,-135,+115
2024-07-19,7:05 PM EDT,TB,NYY,+143,-169
2024-07-19,7:07 PM EDT,DET,TOR,+115,-135
2024-07-19,7:10 PM EDT,NYM,MIA,-141,+118
2024-07-19,7:10 PM EDT,SD,CLE,+143,-169
2024-07-19,8:05 PM EDT,BAL,TEX,-115,-105
2024-07-19,8:10 PM EDT,CHW,KC,+196,-238
2024-07-19,8:40 PM EDT,SF,COL,-135,+115
2024-07-19,9:40 PM EDT,LAA,ATH,+100,-120
2024-07-19,10:10 PM EDT,HOU,SEA,-105,-115
2024-07-19,10:10 PM EDT,BOS,LAD,+115,-135
2024-07-20,1:05 PM EDT,TB,NYY,+140,-164
2024-07-20,1:07 PM EDT,STL,ATL,+118,-141
2024-07-20,3:07 PM EDT,DET,TOR,+105,-125
2024-07-20,4:07 PM EDT,LAA,ATH,+122,-145
2024-07-20,4:10 PM EDT,NYM,MIA,-164,+140
2024-07-20,6:40 PM EDT,PHI,PIT,-169,+143
2024-07-20,6:45 PM EDT,CIN,WAS,-120,+100
2024-07-20,7:05 PM EDT,BAL,TEX,-110,-110
2024-07-20,7:10 PM EDT,CHW,KC,+196,-238
2024-07-20,7:10 PM EDT,SD,CLE,-105,-115
2024-07-20,7:10 PM EDT,MIL,MIN,+105,-125
2024-07-20,7:15 PM EDT,AZ,CHC,-145,+122
2024-07-20,7:15 PM EDT,BOS,LAD,+115,-135
2024-07-20,7:20 PM EDT,STL,ATL,-125,+105
2024-07-20,8:10 PM EDT,SF,COL,-169,+143
2024-07-20,9:40 PM EDT,HOU,SEA,+110,-130
2024-07-21,1:05 PM EDT,MIL,MIN,+135,-161
2024-07-21,1:35 PM EDT,CIN,WAS,-105,-115
2024-07-21,1:35 PM EDT,STL,ATL,+118,-141
2024-07-21,1:35 PM EDT,TB,NYY,+126,-149
2024-07-21,1:35 PM EDT,PHI,PIT,-125,+105
2024-07-21,1:37 PM EDT,DET,TOR,+143,-169
2024-07-21,1:40 PM EDT,NYM,MIA,-141,+118
2024-07-21,1:40 PM EDT,SD,CLE,-110,-110
2024-07-21,2:10 PM EDT,CHW,KC,+196,-238
2024-07-21,2:20 PM EDT,AZ,CHC,+110,-130
2024-07-21,2:35 PM EDT,BAL,TEX,+105,-125
2024-07-21,3:10 PM EDT,SF,COL,-135,+115
2024-07-21,4:07 PM EDT,LAA,ATH,+115,-135
2024-07-21,4:10 PM EDT,HOU,SEA,-105,-115
2024-07-21,7:10 PM EDT,BOS,LAD,-110,-110
2024-07-22,1:05 PM EDT,TB,NYY,+143,-169
2024-07-22,6:40 PM EDT,NYM,MIA,-145,+122
2024-07-22,6:40 PM EDT,STL,PIT,+105,-125
2024-07-22,6:40 PM EDT,DET,CLE,-145,+122
2024-07-22,7:20 PM EDT,CIN,ATL,+118,-141
2024-07-22,7:40 PM EDT,PHI,MIN,-115,-105
2024-07-22,8:05 PM EDT,CHW,TEX,+150,-179
2024-07-22,8:05 PM EDT,MIL,CHC,-120,+100
2024-07-22,8:10 PM EDT,AZ,KC,+130,-154
2024-07-22,8:40 PM EDT,BOS,COL,-164,+140
2024-07-22,9:40 PM EDT,HOU,ATH,-145,+122
2024-07-22,9:40 PM EDT,LAA,SEA,+135,-161
2024-07-22,10:10 PM EDT,SF,LAD,+110,-130
2024-07-23,6:40 PM EDT,BAL,MIA,-169,+143
2024-07-23,6:40 PM EDT,DET,CLE,+115,-135
2024-07-23,6:40 PM EDT,STL,PIT,+150,-179
2024-07-23,6:45 PM EDT,SD,WAS,+100,-120
2024-07-23,7:05 PM EDT,NYM,NYY,+130,-154
2024-07-23,7:07 PM EDT,TB,TOR,+115,-135
2024-07-23,7:40 PM EDT,PHI,MIN,-145,+122
2024-07-23,8:05 PM EDT,CHW,TEX,+115,-135
2024-07-23,8:05 PM EDT,MIL,CHC,-110,-110
2024-07-23,8:10 PM EDT,AZ,KC,-105,-115
2024-07-23,8:40 PM EDT,BOS,COL,-154,+130
2024-07-23,9:40 PM EDT,LAA,SEA,+135,-161
2024-07-23,9:40 PM EDT,HOU,ATH,-135,+115
2024-07-23,10:10 PM EDT,SF,LAD,+122,-145
2024-07-24,12:20 PM EDT,CIN,ATL,+105,-125
2024-07-24,12:35 PM EDT,STL,PIT,-115,-105
2024-07-24,1:10 PM EDT,PHI,MIN,-141,+118
2024-07-24,2:20 PM EDT,MIL,CHC,+122,-145
2024-07-24,3:10 PM EDT,BOS,COL,-161,+135
2024-07-24,3:37 PM EDT,HOU,ATH,-154,+130
2024-07-24,3:40 PM EDT,LAA,SEA,+135,-161
2024-07-24,6:40 PM EDT,BAL,MIA,-141,+118
2024-07-24,6:40 PM EDT,DET,CLE,+122,-145
2024-07-24,6:45 PM EDT,SD,WAS,-115,-105
2024-07-24,7:05 PM EDT,NYM,NYY,+143,-169
2024-07-24,7:07 PM EDT,TB,TOR,-120,+100
2024-07-24,8:05 PM EDT,CHW,TEX,+228,-286
2024-07-24,8:10 PM EDT,AZ,KC,+105,-125
2024-07-24,10:10 PM EDT,SF,LAD,+158,-189
2024-07-25,12:05 PM EDT,SD,WAS,-161,+135
2024-07-25,12:10 PM EDT,BAL,MIA,-222,+180
2024-07-25,1:10 PM EDT,DET,CLE,+122,-145
2024-07-25,2:35 PM EDT,CHW,TEX,+205,-250
2024-07-25,3:07 PM EDT,TB,TOR,-110,-110
2024-07-25,4:10 PM EDT,SF,LAD,+105,-125
2024-07-25,7:10 PM EDT,ATL,NYM,-130,+110
2024-07-25,9:38 PM EDT,ATH,LAA,-105,-115
2024-07-26,6:40 PM EDT,CLE,PHI,+158,-189
2024-07-26,6:40 PM EDT,MIN,DET,-189,+158
2024-07-26,6:50 PM EDT,CIN,TB,-110,-110
2024-07-26,7:05 PM EDT,SD,BAL,+162,-196
2024-07-26,7:07 PM EDT,TEX,TOR,-105,-115
2024-07-26,7:10 PM EDT,ATL,NYM,+115,-135
2024-07-26,7:10 PM EDT,NYY,BOS,-125,+105
2024-07-26,8:10 PM EDT,MIA,MIL,+205,-250
2024-07-26,8:10 PM EDT,CHC,KC,+135,-161
2024-07-26,8:10 PM EDT,LAD,HOU,+105,-125
2024-07-26,8:10 PM EDT,SEA,CHW,-179,+150
2024-07-26,8:15 PM EDT,WAS,STL,+143,-169
2024-07-26,9:38 PM EDT,ATH,LAA,-105,-115
2024-07-26,9:40 PM EDT,PIT,AZ,+143,-169
2024-07-26,10:15 PM EDT,COL,SF,+148,-175
2024-07-28,11:35 AM EDT,CIN,TB,-130,+110
2024-07-28,1:35 PM EDT,SD,BAL,+115,-135
2024-07-28,1:35 PM EDT,CLE,PHI,+105,-125
2024-07-28,1:37 PM EDT,TEX,TOR,-141,+118
2024-07-28,1:40 PM EDT,MIN,DET,-149,+126
2024-07-28,1:40 PM EDT,ATL,NYM,-105,-115
2024-07-28,2:10 PM EDT,MIA,MIL,+178,-213
2024-07-28,2:10 PM EDT,LAD,HOU,+115,-135
2024-07-28,2:10 PM EDT,CHC,KC,+150,-179
2024-07-28,2:10 PM EDT,SEA,CHW,-135,+115
2024-07-28,2:15 PM EDT,WAS,STL,+130,-154
2024-07-28,4:05 PM EDT,COL,SF,+158,-189
2024-07-28,4:07 PM EDT,ATH,LAA,+115,-135
2024-07-28,4:10 PM EDT,PIT,AZ,+100,-120
2024-07-28,7:10 PM EDT,NYY,BOS,-115,-105
2024-07-29,3:05 PM EDT,TOR,BAL,+122,-145
2024-07-29,6:40 PM EDT,NYY,PHI,+115,-135
2024-07-29,6:40 PM EDT,CLE,DET,-161,+135
2024-07-29,6:50 PM EDT,TOR,BAL,+122,-145
2024-07-29,7:10 PM EDT,CHC,CIN,-115,-105
2024-07-29,7:10 PM EDT,MIN,NYM,-105,-115
2024-07-29,7:10 PM EDT,SEA,BOS,-105,-115
2024-07-29,7:45 PM EDT,TEX,STL,-115,-105
2024-07-29,8:10 PM EDT,PIT,HOU,-130,+110
2024-07-29,8:10 PM EDT,ATL,MIL,+100,-120
2024-07-29,8:10 PM EDT,KC,CHW,-175,+148
2024-07-29,9:40 PM EDT,WAS,AZ,+135,-161
2024-07-30,1:10 PM EDT,CLE,DET,-130,+110
2024-07-30,6:35 PM EDT,TOR,BAL,+175,-208
2024-07-30,6:40 PM EDT,NYY,PHI,+122,-145
2024-07-30,6:50 PM EDT,MIA,TB,+150,-179
2024-07-30,7:10 PM EDT,SEA,BOS,-120,+100
2024-07-30,7:10 PM EDT,CHC,CIN,-130,+110
2024-07-30,7:10 PM EDT,MIN,NYM,-105,-115
2024-07-30,7:45 PM EDT,TEX,STL,-120,+100
2024-07-30,8:10 PM EDT,PIT,HOU,+162,-196
2024-07-30,8:10 PM EDT,ATL,MIL,-105,-115
2024-07-30,8:10 PM EDT,KC,CHW,-196,+162
2024-07-30,9:38 PM EDT,COL,LAA,+115,-135
2024-07-30,9:40 PM EDT,WAS,AZ,+143,-169
2024-07-30,9:40 PM EDT,LAD,SD,-130,+110
2024-07-30,9:45 PM EDT,ATH,SF,+158,-189
2024-07-31,12:10 PM EDT,MIA,TB,-714,+450
2024-07-31,12:35 PM EDT,TOR,BAL,+750,-1429
2024-07-31,12:35 PM EDT,NYY,PHI,-2500,+1000
2024-07-31,1:10 PM EDT,MIN,NYM,-145,+115
2024-07-31,2:10 PM EDT,ATL,MIL,-130,+100
2024-07-31,2:10 PM EDT,KC,CHW,-200,+165
2024-07-31,2:15 PM EDT,TEX,STL,-130,+100
2024-07-31,3:40 PM EDT,WAS,AZ,+140,-169
2024-07-31,4:10 PM EDT,SEA,BOS,+320,-455
2024-07-31,7:10 PM EDT,CHC,CIN,-5000,+1800
2024-07-31,8:10 PM EDT,PIT,HOU,-263,+200
2024-07-31,8:40 PM EDT,LAD,SD,+1400,-5000
2024-07-31,9:38 PM EDT,COL,LAA,-145,+115
2024-07-31,9:45 PM EDT,ATH,SF,+195,-250
2024-08-01,6:40 PM EDT,BAL,CLE,+1800,-5000
2024-08-01,6:40 PM EDT,KC,DET,-5000,+1400
2024-08-01,7:20 PM EDT,MIA,ATL,+1400,-5000
2024-08-01,8:05 PM EDT,STL,CHC,-105,-125
2024-08-01,9:38 PM EDT,COL,LAA,-1000,+600
2024-08-02,2:20 PM EDT,STL,CHC,+1800,-5000
2024-08-02,6:40 PM EDT,KC,DET,+150,-189
2024-08-02,6:40 PM EDT,AZ,PIT,-263,+200
2024-08-02,6:45 PM EDT,MIL,WAS,-105,-125
2024-08-02,7:05 PM EDT,TOR,NYY,+130,-161
2024-08-02,7:10 PM EDT,SF,CIN,-149,+120
2024-08-02,7:10 PM EDT,BAL,CLE,-125,-105
2024-08-02,7:20 PM EDT,MIA,ATL,+195,-238
2024-08-02,8:05 PM EDT,BOS,TEX,-125,-105
2024-08-02,8:10 PM EDT,CHW,MIN,+250,-323
2024-08-02,8:10 PM EDT,TB,HOU,+140,-169
2024-08-02,9:38 PM EDT,NYM,LAA,-130,+100
2024-08-02,9:40 PM EDT,COL,SD,+120,-149
2024-08-02,9:40 PM EDT,PHI,SEA,+105,-135
2024-08-02,9:40 PM EDT,LAD,ATH,-145,+115
2024-08-03,1:05 PM EDT,TOR,NYY,+1200,-5000
2024-08-03,2:20 PM EDT,STL,CHC,+600,-1000
2024-08-03,4:05 PM EDT,MIL,WAS,+1800,-5000
2024-08-03,6:10 PM EDT,KC,DET,+115,-145
2024-08-03,6:40 PM EDT,AZ,PIT,+145,-179
2024-08-03,7:05 PM EDT,BOS,TEX,-115,-115
2024-08-03,7:10 PM EDT,CHW,MIN,+155,-189
2024-08-03,7:15 PM EDT,SF,CIN,+130,-161
2024-08-03,7:15 PM EDT,TB,HOU,+115,-145
2024-08-03,7:15 PM EDT,BAL,CLE,-135,+105
2024-08-03,7:20 PM EDT,MIA,ATL,+195,-238
2024-08-03,8:40 PM EDT,COL,SD,+150,-179
2024-08-03,9:07 PM EDT,LAD,ATH,-169,+140
2024-08-03,9:38 PM EDT,NYM,LAA,-115,-115
2024-08-03,9:40 PM EDT,PHI,SEA,+110,-141
2024-08-04,12:05 PM EDT,SF,CIN,+110,-141
2024-08-04,1:35 PM EDT,MIA,ATL,+185,-233
2024-08-04,1:35 PM EDT,TOR,NYY,+225,-278
2024-08-04,1:35 PM EDT,MIL,WAS,-130,+100
2024-08-04,1:35 PM EDT,AZ,PIT,+165,-200
2024-08-04,1:40 PM EDT,BAL,CLE,-149,+120
2024-08-04,1:40 PM EDT,KC,DET,-135,+105
2024-08-04,2:10 PM EDT,TB,HOU,+130,-161
2024-08-04,2:10 PM EDT,CHW,MIN,+225,-278
2024-08-04,2:35 PM EDT,BOS,TEX,+100,-130
2024-08-04,4:07 PM EDT,LAD,OAK,-145,+115
2024-08-04,4:07 PM EDT,NYM,LAA,-145,+115
2024-08-04,4:10 PM EDT,COL,SD,+155,-189
2024-08-04,4:10 PM EDT,PHI,SEA,-130,+100
2024-08-04,7:10 PM EDT,STL,CHC,-714,+450
2024-08-05,5:15 PM EDT,NYM,STL,-323,+240
2024-08-05,6:40 PM EDT,CIN,MIA,-149,+120
2024-08-05,6:40 PM EDT,AZ,CLE,-145,+115
2024-08-05,6:45 PM EDT,SF,WAS,-189,+155
2024-08-05,8:05 PM EDT,MIN,CHC,-130,+100
2024-08-05,8:05 PM EDT,HOU,TEX,-115,-115
2024-08-05,8:10 PM EDT,BOS,KC,+120,-149
2024-08-05,9:40 PM EDT,CHW,ATH,+155,-189
2024-08-05,10:10 PM EDT,PHI,LAD,+2200,-10000
2024-08-06,6:40 PM EDT,CIN,MIA,-135,+105
2024-08-06,6:40 PM EDT,SD,PIT,-179,+150
2024-08-06,6:45 PM EDT,SF,WAS,-125,-105
2024-08-06,7:07 PM EDT,BAL,TOR,-149,+120
2024-08-06,7:20 PM EDT,MIL,ATL,+105,-135
2024-08-06,7:45 PM EDT,TB,STL,+130,-161
2024-08-06,8:05 PM EDT,MIN,CHC,-105,-125
2024-08-06,8:05 PM EDT,HOU,TEX,-135,+105
2024-08-06,8:10 PM EDT,BOS,KC,+105,-135
2024-08-06,8:40 PM EDT,NYM,COL,-145,+115
2024-08-06,9:40 PM EDT,CHW,ATH,+155,-189
2024-08-06,9:40 PM EDT,DET,SEA,+180,-222
2024-08-06,10:10 PM EDT,PHI,LAD,-125,-105
2024-08-07,1:10 PM EDT,AZ,CLE,-130,+100
2024-08-07,2:20 PM EDT,MIN,CHC,-130,+100
2024-08-07,2:35 PM EDT,HOU,TEX,-135,+115
2024-08-07,3:37 PM EDT,CHW,ATH,+120,-149
2024-08-07,4:05 PM EDT,LAA,NYY,+185,-233
2024-08-07,4:30 PM EDT,AZ,CLE,-125,-105
2024-08-07,6:40 PM EDT,CIN,MIA,+1100,-3333
2024-08-07,6:40 PM EDT,SD,PIT,+240,-323
2024-08-07,6:45 PM EDT,SF,WAS,-161,+125
2024-08-07,7:07 PM EDT,BAL,TOR,-455,+320
2024-08-07,7:20 PM EDT,MIL,ATL,+140,-169
2024-08-07,7:35 PM EDT,LAA,NYY,+250,-323
2024-08-07,7:45 PM EDT,TB,STL,-105,-125
2024-08-07,8:10 PM EDT,BOS,KC,+120,-149
2024-08-07,8:40 PM EDT,NYM,COL,-145,+115
2024-08-07,9:40 PM EDT,DET,SEA,+105,-135
2024-08-07,10:10 PM EDT,PHI,LAD,+1200,-5000
2024-08-08,12:05 PM EDT,SF,WAS,-115,-105
2024-08-08,12:20 PM EDT,MIL,ATL,+110,-130
2024-08-08,12:35 PM EDT,SD,PIT,-115,-105
2024-08-08,3:10 PM EDT,NYM,COL,-145,+122
2024-08-08,6:10 PM EDT,CIN,MIA,-189,+158
2024-08-08,7:05 PM EDT,LAA,NYY,+196,-238
2024-08-08,7:07 PM EDT,BAL,TOR,-115,-105
2024-08-08,7:15 PM EDT,TB,STL,+105,-125
2024-08-08,9:40 PM EDT,DET,SEA,+170,-204
2024-08-08,9:40 PM EDT,PHI,AZ,+110,-130
2024-08-09,2:10 PM EDT,CLE,MIN,+148,-175
2024-08-09,6:45 PM EDT,LAA,WAS,-120,+100
2024-08-09,6:50 PM EDT,BAL,TB,-141,+118
2024-08-09,7:07 PM EDT,ATH,TOR,+135,-161
2024-08-09,7:10 PM EDT,SD,MIA,-145,+122
2024-08-09,7:10 PM EDT,HOU,BOS,+115,-135
2024-08-09,8:10 PM EDT,STL,KC,+100,-120
2024-08-09,8:10 PM EDT,CHC,CHW,-149,+126
2024-08-09,8:10 PM EDT,CLE,MIN,+100,-120
2024-08-09,8:10 PM EDT,CIN,MIL,+130,-154
2024-08-09,8:40 PM EDT,ATL,COL,-161,+135
2024-08-09,9:40 PM EDT,PHI,AZ,-141,+118
2024-08-09,10:10 PM EDT,NYM,SEA,+110,-130
2024-08-09,10:10 PM EDT,PIT,LAD,+175,-208
2024-08-09,10:15 PM EDT,DET,SF,+170,-204
2024-08-10,1:05 PM EDT,TEX,NYY,+148,-175
2024-08-10,3:07 PM EDT,ATH,TOR,+110,-130
2024-08-10,4:05 PM EDT,DET,SF,+210,-263
2024-08-10,4:10 PM EDT,SD,MIA,-196,+162
2024-08-10,4:10 PM EDT,HOU,BOS,-105,-115
2024-08-10,4:40 PM EDT,TEX,NYY,+150,-179
2024-08-10,6:45 PM EDT,LAA,WAS,-110,-110
2024-08-10,7:10 PM EDT,STL,KC,+118,-141
2024-08-10,7:10 PM EDT,CIN,MIL,+130,-154
2024-08-10,7:10 PM EDT,CLE,MIN,+100,-120
2024-08-10,7:15 PM EDT,CHC,CHW,-238,+196
2024-08-10,7:15 PM EDT,BAL,TB,-154,+130
2024-08-10,8:10 PM EDT,ATL,COL,-196,+162
2024-08-10,8:10 PM EDT,PHI,AZ,+100,-120
2024-08-10,9:10 PM EDT,PIT,LAD,-105,-115
2024-08-10,9:40 PM EDT,NYM,SEA,+115,-135
2024-08-11,11:35 AM EDT,LAA,WAS,+135,-161
2024-08-11,1:35 PM EDT,HOU,BOS,-145,+122
2024-08-11,1:35 PM EDT,TEX,NYY,+126,-149
2024-08-11,1:37 PM EDT,ATH,TOR,+130,-154
2024-08-11,1:40 PM EDT,BAL,TB,-105,-115
2024-08-11,1:40 PM EDT,SD,MIA,-208,+175
2024-08-11,2:10 PM EDT,CIN,MIL,+110,-130
2024-08-11,2:10 PM EDT,CLE,MIN,+100,-120
2024-08-11,3:10 PM EDT,ATL,COL,-175,+148
2024-08-11,4:05 PM EDT,DET,SF,+158,-189
2024-08-11,4:10 PM EDT,PHI,AZ,-130,+110
2024-08-11,4:10 PM EDT,PIT,LAD,+235,-294
2024-08-11,7:10 PM EDT,NYM,SEA,+100,-120
2024-08-12,6:40 PM EDT,STL,CIN,-149,+126
2024-08-12,6:40 PM EDT,CHC,CLE,-125,+105
2024-08-12,6:50 PM EDT,HOU,TB,-141,+118
2024-08-12,7:10 PM EDT,TEX,BOS,+105,-125
2024-08-12,7:40 PM EDT,KC,MIN,+140,-164
2024-08-12,8:10 PM EDT,LAD,MIL,-110,-110
2024-08-12,8:10 PM EDT,NYY,CHW,-370,+285
2024-08-12,9:38 PM EDT,TOR,LAA,-110,-110
2024-08-12,9:40 PM EDT,COL,AZ,+240,-303
2024-08-12,9:40 PM EDT,PIT,SD,+170,-204
2024-08-12,9:45 PM EDT,ATL,SF,-105,-115
2024-08-13,6:35 PM EDT,WAS,BAL,+162,-196
2024-08-13,6:40 PM EDT,STL,CIN,+115,-135
2024-08-13,6:40 PM EDT,SEA,DET,+105,-125
2024-08-13,6:40 PM EDT,MIA,PHI,+175,-208
2024-08-13,6:40 PM EDT,CHC,CLE,+130,-154
2024-08-13,6:50 PM EDT,HOU,TB,-130,+110
2024-08-13,7:10 PM EDT,TEX,BOS,+118,-141
2024-08-13,7:10 PM EDT,ATH,NYM,+162,-196
2024-08-13,7:40 PM EDT,KC,MIN,+105,-125
2024-08-13,8:10 PM EDT,NYY,CHW,-294,+235
2024-08-13,8:10 PM EDT,LAD,MIL,-115,-105
2024-08-13,9:38 PM EDT,TOR,LAA,-115,-105
2024-08-13,9:40 PM EDT,PIT,SD,+215,-270
2024-08-13,9:40 PM EDT,COL,AZ,+170,-204
2024-08-13,9:45 PM EDT,ATL,SF,-105,-115
2024-08-14,1:10 PM EDT,KC,MIN,-120,+100
2024-08-14,3:40 PM EDT,COL,AZ,+178,-213
2024-08-14,4:10 PM EDT,PIT,SD,+115,-135
2024-08-14,6:10 PM EDT,TEX,BOS,+115,-135
2024-08-14,6:35 PM EDT,WAS,BAL,+143,-169
2024-08-14,6:40 PM EDT,MIA,PHI,+140,-164
2024-08-14,6:40 PM EDT,STL,CIN,-115,-105
2024-08-14,6:40 PM EDT,SEA,DET,-141,+118
2024-08-14,6:40 PM EDT,CHC,CLE,+115,-135
2024-08-14,6:50 PM EDT,HOU,TB,-125,+105
2024-08-14,7:10 PM EDT,ATH,NYM,+185,-227
2024-08-14,8:10 PM EDT,LAD,MIL,-115,-105
2024-08-14,8:10 PM EDT,NYY,CHW,-250,+205
2024-08-14,9:38 PM EDT,TOR,LAA,+100,-120
2024-08-14,9:45 PM EDT,ATL,SF,+115,-135
2024-08-15,1:10 PM EDT,ATH,NYM,+175,-208
2024-08-15,1:10 PM EDT,SEA,DET,-145,+122
2024-08-15,2:10 PM EDT,LAD,MIL,-145,+122
2024-08-15,3:45 PM EDT,ATL,SF,-105,-115
2024-08-15,6:35 PM EDT,BOS,BAL,+135,-161
2024-08-15,6:40 PM EDT,WAS,PHI,+222,-278
2024-08-15,8:05 PM EDT,MIN,TEX,-120,+100
2024-08-16,2:20 PM EDT,TOR,CHC,+110,-130
2024-08-16,6:40 PM EDT,WAS,PHI,+228,-286
2024-08-16,6:40 PM EDT,KC,CIN,+130,-154
2024-08-16,6:40 PM EDT,NYY,DET,-196,+162
2024-08-16,6:40 PM EDT,SEA,PIT,+100,-120
2024-08-16,6:50 PM EDT,AZ,TB,-120,+100
2024-08-16,7:05 PM EDT,BOS,BAL,+158,-189
2024-08-16,7:10 PM EDT,MIA,NYM,+215,-270
2024-08-16,8:05 PM EDT,MIN,TEX,+105,-125
2024-08-16,8:10 PM EDT,CLE,MIL,-110,-110
2024-08-16,8:10 PM EDT,CHW,HOU,+235,-294
2024-08-16,8:15 PM EDT,LAD,STL,-135,+115
2024-08-16,8:40 PM EDT,SD,COL,-164,+140
2024-08-16,9:38 PM EDT,ATL,LAA,-164,+140
2024-08-17,1:05 PM EDT,SEA,PIT,-154,+130
2024-08-17,1:10 PM EDT,NYY,DET,-238,+196
2024-08-17,2:20 PM EDT,TOR,CHC,+143,-169
2024-08-17,4:10 PM EDT,AZ,TB,-120,+100
2024-08-17,4:10 PM EDT,MIA,NYM,+158,-189
2024-08-17,6:05 PM EDT,WAS,PHI,+192,-233
2024-08-17,6:40 PM EDT,KC,CIN,+105,-125
2024-08-17,7:05 PM EDT,MIN,TEX,+122,-145
2024-08-17,7:07 PM EDT,SF,OAK,-130,+110
2024-08-17,7:10 PM EDT,CHW,HOU,+300,-385
2024-08-17,7:15 PM EDT,LAD,STL,-115,-105
2024-08-17,7:15 PM EDT,CLE,MIL,+105,-125
2024-08-17,8:10 PM EDT,SD,COL,-204,+170
2024-08-17,8:20 PM EDT,BOS,BAL,-105,-115
2024-08-17,9:38 PM EDT,ATL,LAA,-233,+192
2024-08-18,12:05 PM EDT,MIA,NYM,+170,-204
2024-08-18,1:35 PM EDT,WAS,PHI,+135,-161
2024-08-18,1:35 PM EDT,SEA,PIT,-179,+150
2024-08-18,1:35 PM EDT,BOS,BAL,+105,-125
2024-08-18,1:40 PM EDT,AZ,TB,-115,-105
2024-08-18,1:40 PM EDT,KC,CIN,-110,-110
2024-08-18,2:10 PM EDT,CLE,MIL,+110,-130
2024-08-18,2:10 PM EDT,CHW,HOU,+300,-385
2024-08-18,2:15 PM EDT,LAD,STL,-105,-115
2024-08-18,2:20 PM EDT,TOR,CHC,+158,-189
2024-08-18,2:35 PM EDT,MIN,TEX,-110,-110
2024-08-18,3:10 PM EDT,SD,COL,-204,+170
2024-08-18,4:07 PM EDT,ATL,LAA,-189,+158
2024-08-18,4:07 PM EDT,SF,ATH,-161,+135
2024-08-18,7:10 PM EDT,NYY,DET,-105,-115
2024-08-19,6:40 PM EDT,AZ,MIA,-222,+180
2024-08-19,7:07 PM EDT,CIN,TOR,+130,-154
2024-08-19,7:10 PM EDT,BAL,NYM,+115,-135
2024-08-19,8:05 PM EDT,PIT,TEX,+140,-164
2024-08-19,8:10 PM EDT,BOS,HOU,+122,-145
2024-08-19,8:10 PM EDT,LAA,KC,+210,-263
2024-08-19,9:40 PM EDT,TB,ATH,-120,+100
2024-08-19,9:40 PM EDT,MIN,SD,+140,-164
2024-08-19,9:45 PM EDT,CHW,SF,+196,-238
2024-08-19,10:10 PM EDT,SEA,LAD,+115,-135
2024-08-20,6:40 PM EDT,AZ,MIA,-130,+110
2024-08-20,6:45 PM EDT,COL,WAS,+143,-169
2024-08-20,7:05 PM EDT,CLE,NYY,+130,-154
2024-08-20,7:07 PM EDT,CIN,TOR,+105,-125
2024-08-20,7:10 PM EDT,BAL,NYM,+110,-130
2024-08-20,7:20 PM EDT,PHI,ATL,-154,+130
2024-08-20,7:45 PM EDT,MIL,STL,+100,-120
2024-08-20,8:05 PM EDT,DET,CHC,+122,-145
2024-08-20,8:05 PM EDT,PIT,TEX,+118,-141
2024-08-20,8:10 PM EDT,LAA,KC,+170,-204
2024-08-20,8:10 PM EDT,BOS,HOU,-115,-105
2024-08-20,9:40 PM EDT,TB,ATH,-120,+100
2024-08-20,9:40 PM EDT,MIN,SD,-115,-105
2024-08-20,9:45 PM EDT,CHW,SF,+210,-263
2024-08-20,10:10 PM EDT,SEA,LAD,+135,-161
2024-08-21,1:10 PM EDT,BAL,NYM,+122,-145
2024-08-21,2:10 PM EDT,BOS,HOU,+115,-135
2024-08-21,2:35 PM EDT,PIT,TEX,+130,-154
2024-08-21,3:45 PM EDT,CHW,SF,+205,-250
2024-08-21,6:40 PM EDT,MIN,SD,+105,-125
2024-08-21,6:40 PM EDT,AZ,MIA,-169,+143
2024-08-21,6:45 PM EDT,COL,WAS,+140,-164
2024-08-21,7:05 PM EDT,CLE,NYY,+175,-208
2024-08-21,7:07 PM EDT,CIN,TOR,-120,+100
2024-08-21,7:20 PM EDT,PHI,ATL,-105,-115
2024-08-21,7:45 PM EDT,MIL,STL,+100,-120
2024-08-21,8:05 PM EDT,DET,CHC,+110,-130
2024-08-21,8:10 PM EDT,LAA,KC,+162,-196
2024-08-21,9:40 PM EDT,TB,ATH,-135,+115
2024-08-21,10:10 PM EDT,SEA,LAD,+158,-189
2024-08-22,1:05 PM EDT,COL,WAS,+135,-161
2024-08-22,1:05 PM EDT,CLE,NYY,+178,-213
2024-08-22,2:15 PM EDT,MIL,STL,-135,+115
2024-08-22,2:20 PM EDT,DET,CHC,+150,-179
2024-08-22,3:37 PM EDT,TB,OAK,-120,+100
2024-08-22,6:40 PM EDT,CIN,PIT,+130,-154
2024-08-22,7:07 PM EDT,LAA,TOR,+130,-154
2024-08-22,7:08 PM EDT,PHI,ATL,-105,-115
2024-08-22,7:08 PM EDT,HOU,BAL,+143,-169
2024-08-22,9:40 PM EDT,NYM,SD,+135,-161
2024-08-23,6:40 PM EDT,CIN,PIT,+100,-120
2024-08-23,7:05 PM EDT,COL,NYY,+278,-357
2024-08-23,7:05 PM EDT,HOU,BAL,-130,+110
2024-08-23,7:07 PM EDT,LAA,TOR,+162,-196
2024-08-23,7:10 PM EDT,CHC,MIA,-125,+105
2024-08-23,7:10 PM EDT,AZ,BOS,+110,-130
2024-08-23,7:10 PM EDT,TEX,CLE,+126,-149
2024-08-23,7:20 PM EDT,WAS,ATL,+215,-270
2024-08-23,8:10 PM EDT,DET,CHW,-161,+135
2024-08-23,8:10 PM EDT,STL,MIN,+130,-154
2024-08-23,8:10 PM EDT,PHI,KC,+118,-141
2024-08-23,9:40 PM EDT,MIL,ATH,-115,-105
2024-08-23,9:40 PM EDT,NYM,SD,+118,-141
2024-08-23,10:10 PM EDT,TB,LAD,+162,-196
2024-08-23,10:10 PM EDT,SF,SEA,+122,-145
2024-08-24,2:05 PM EDT,COL,NYY,+260,-333
2024-08-24,3:07 PM EDT,LAA,TOR,+158,-189
2024-08-24,4:05 PM EDT,HOU,BAL,+100,-120
2024-08-24,4:07 PM EDT,MIL,ATH,-120,+100
2024-08-24,4:10 PM EDT,CHC,MIA,-208,+175
2024-08-24,4:10 PM EDT,SF,SEA,-105,-115
2024-08-24,4:10 PM EDT,AZ,BOS,+105,-125
2024-08-24,6:40 PM EDT,CIN,PIT,-110,-110
2024-08-24,7:10 PM EDT,STL,MIN,+118,-141
2024-08-24,7:10 PM EDT,PHI,KC,-110,-110
2024-08-24,7:10 PM EDT,DET,CHW,-227,+185
2024-08-24,7:10 PM EDT,TEX,CLE,+110,-130
2024-08-24,7:20 PM EDT,WAS,ATL,+143,-169
2024-08-24,8:40 PM EDT,NYM,SD,+122,-145
2024-08-24,9:10 PM EDT,TB,LAD,+185,-227
2024-08-25,12:05 PM EDT,WAS,ATL,+170,-204
2024-08-25,1:35 PM EDT,CIN,PIT,-110,-110
2024-08-25,1:35 PM EDT,AZ,BOS,+115,-135
2024-08-25,1:35 PM EDT,COL,NYY,+210,-263
2024-08-25,1:37 PM EDT,LAA,TOR,+135,-161
2024-08-25,1:40 PM EDT,TEX,CLE,+105,-125
2024-08-25,1:40 PM EDT,CHC,MIA,-179,+150
2024-08-25,2:10 PM EDT,STL,MIN,+118,-141
2024-08-25,2:10 PM EDT,DET,CHW,-164,+140
2024-08-25,2:10 PM EDT,PHI,KC,+118,-141
2024-08-25,4:07 PM EDT,MIL,ATH,-145,+122
2024-08-25,4:10 PM EDT,TB,LAD,+196,-238
2024-08-25,4:10 PM EDT,SF,SEA,+115,-135
2024-08-25,4:10 PM EDT,NYM,SD,+100,-120
2024-08-25,7:10 PM EDT,HOU,BAL,-110,-110
2024-08-27,6:40 PM EDT,LAA,DET,+130,-154
2024-08-27,6:40 PM EDT,HOU,PHI,+115,-135
2024-08-27,6:40 PM EDT,ATH,CIN,+118,-141
2024-08-27,6:40 PM EDT,KC,CLE,+140,-164
2024-08-27,6:40 PM EDT,CHC,PIT,-125,+105
2024-08-27,6:45 PM EDT,NYY,WAS,-270,+215
2024-08-27,7:10 PM EDT,TOR,BOS,+115,-135
2024-08-27,7:40 PM EDT,ATL,MIN,-115,-105
2024-08-27,7:45 PM EDT,SD,STL,-145,+122
2024-08-27,8:10 PM EDT,SF,MIL,-105,-115
2024-08-27,8:40 PM EDT,MIA,COL,+122,-145
2024-08-27,9:40 PM EDT,TB,SEA,+130,-154
2024-08-27,9:40 PM EDT,NYM,AZ,-110,-110
2024-08-27,10:10 PM EDT,BAL,LAD,+158,-189
2024-08-28,12:35 PM EDT,CHC,PIT,+140,-164
2024-08-28,1:10 PM EDT,KC,CLE,+140,-164
2024-08-28,4:05 PM EDT,HOU,PHI,-120,+100
2024-08-28,4:10 PM EDT,TB,SEA,+135,-161
2024-08-28,5:10 PM EDT,TEX,CHW,-141,+118
2024-08-28,6:40 PM EDT,ATH,CIN,+100,-120
2024-08-28,6:45 PM EDT,NYY,WAS,-233,+192
2024-08-28,7:10 PM EDT,TOR,BOS,+118,-141
2024-08-28,7:40 PM EDT,ATL,MIN,-141,+118
2024-08-28,7:45 PM EDT,SD,STL,-125,+105
2024-08-28,8:10 PM EDT,SF,MIL,+143,-169
2024-08-28,8:20 PM EDT,TEX,CHW,-204,+170
2024-08-28,8:30 PM EDT,LAA,DET,+135,-161
2024-08-28,8:40 PM EDT,MIA,COL,+118,-141
2024-08-28,9:40 PM EDT,NYM,AZ,+110,-130
2024-08-28,10:10 PM EDT,BAL,LAD,+100,-120
2024-08-29,1:10 PM EDT,LAA,DET,+135,-161
2024-08-29,2:10 PM EDT,SF,MIL,+115,-135
2024-08-29,2:10 PM EDT,TEX,CHW,-263,+210
2024-08-29,2:15 PM EDT,SD,STL,-120,+100
2024-08-29,3:10 PM EDT,MIA,COL,+110,-130
2024-08-29,3:40 PM EDT,NYM,AZ,+100,-120
2024-08-29,5:10 PM EDT,ATH,CIN,+115,-135
2024-08-29,6:40 PM EDT,ATL,PHI,+135,-161
2024-08-29,7:10 PM EDT,TOR,BOS,+122,-145
2024-08-29,8:10 PM EDT,KC,HOU,+135,-161
2024-08-29,10:10 PM EDT,BAL,LAD,+118,-141
2024-08-30,12:40 PM EDT,MIL,CIN,-120,+100
2024-08-30,6:40 PM EDT,MIL,CIN,-110,-110
2024-08-30,6:40 PM EDT,BOS,DET,-120,+100
2024-08-30,6:40 PM EDT,ATL,PHI,+118,-141
2024-08-30,6:45 PM EDT,CHC,WAS,-164,+140
2024-08-30,6:50 PM EDT,SD,TB,+105,-125
2024-08-30,7:05 PM EDT,STL,NYY,+158,-189
2024-08-30,7:10 PM EDT,PIT,CLE,+130,-154
2024-08-30,8:05 PM EDT,ATH,TEX,+122,-145
2024-08-30,8:10 PM EDT,TOR,MIN,+143,-169
2024-08-30,8:10 PM EDT,KC,HOU,+158,-189
2024-08-30,8:10 PM EDT,NYM,CHW,-227,+185
2024-08-30,8:40 PM EDT,BAL,COL,-154,+130
2024-08-30,9:38 PM EDT,SEA,LAA,-196,+162
2024-08-30,9:40 PM EDT,LAD,AZ,-130,+110
2024-08-30,10:15 PM EDT,MIA,SF,+222,-278
2024-08-31,1:05 PM EDT,STL,NYY,+143,-169
2024-08-31,4:05 PM EDT,CHC,WAS,-110,-110
2024-08-31,4:10 PM EDT,SD,TB,+110,-130
2024-08-31,6:10 PM EDT,BOS,DET,+118,-141
2024-08-31,6:10 PM EDT,PIT,CLE,+143,-169
2024-08-31,7:05 PM EDT,ATH,TEX,+140,-164
2024-08-31,7:10 PM EDT,TOR,MIN,+122,-145
2024-08-31,7:10 PM EDT,KC,HOU,+118,-141
2024-08-31,7:10 PM EDT,NYM,CHW,-189,+158
2024-08-31,7:15 PM EDT,MIL,CIN,-125,+105
2024-08-31,7:15 PM EDT,ATL,PHI,+140,-164
2024-08-31,8:10 PM EDT,LAD,AZ,-141,+118
2024-08-31,8:10 PM EDT,BAL,COL,-161,+135
2024-08-31,9:05 PM EDT,MIA,SF,+118,-141
2024-08-31,9:38 PM EDT,SEA,LAA,-164,+140
2024-09-01,12:10 PM EDT,MIL,CIN,-135,+115
2024-09-01,1:35 PM EDT,STL,NYY,+192,-233
2024-09-01,1:35 PM EDT,CHC,WAS,-125,+105
2024-09-01,1:40 PM EDT,BOS,DET,-120,+100
2024-09-01,1:40 PM EDT,PIT,CLE,+130,-154
2024-09-01,1:40 PM EDT,SD,TB,-125,+105
2024-09-01,2:10 PM EDT,KC,HOU,+135,-161
2024-09-01,2:10 PM EDT,TOR,MIN,+150,-179
2024-09-01,2:10 PM EDT,NYM,CHW,-169,+143
2024-09-01,2:35 PM EDT,ATH,TEX,+110,-130
2024-09-01,3:10 PM EDT,BAL,COL,-189,+158
2024-09-01,4:05 PM EDT,MIA,SF,+215,-270
2024-09-01,4:07 PM EDT,SEA,LAA,-169,+143
2024-09-01,4:10 PM EDT,LAD,AZ,-105,-115
2024-09-01,7:10 PM EDT,ATL,PHI,+118,-141
2024-09-02,2:10 PM EDT,STL,MIL,+143,-169
2024-09-02,3:05 PM EDT,CHW,BAL,+360,-476
2024-09-02,4:10 PM EDT,HOU,CIN,-161,+135
2024-09-02,4:10 PM EDT,CLE,KC,-105,-115
2024-09-02,4:10 PM EDT,LAD,AZ,-135,+115
2024-09-02,6:40 PM EDT,DET,SD,+180,-222
2024-09-02,6:50 PM EDT,MIN,TB,-115,-105
2024-09-02,7:07 PM EDT,SEA,ATH,-141,+118
2024-09-02,7:10 PM EDT,BOS,NYM,+100,-120
2024-09-02,7:40 PM EDT,PIT,CHC,+130,-154
2024-09-02,8:05 PM EDT,NYY,TEX,-196,+162
2024-09-03,6:35 PM EDT,CHW,BAL,+270,-345
2024-09-03,6:40 PM EDT,WAS,MIA,-105,-115
2024-09-03,6:50 PM EDT,MIN,TB,-105,-115
2024-09-03,7:07 PM EDT,PHI,TOR,+100,-120
2024-09-03,7:10 PM EDT,BOS,NYM,+118,-141
2024-09-03,7:20 PM EDT,COL,ATL,+285,-370
2024-09-03,7:40 PM EDT,STL,MIL,+130,-154
2024-09-03,7:40 PM EDT,CLE,KC,-135,+115
2024-09-03,7:40 PM EDT,PIT,CHC,-125,+105
2024-09-03,8:05 PM EDT,NYY,TEX,-161,+135
2024-09-03,9:38 PM EDT,LAD,LAA,-179,+150
2024-09-03,9:40 PM EDT,SEA,ATH,-154,+130
2024-09-03,9:45 PM EDT,AZ,SF,-115,-105
2024-09-04,3:07 PM EDT,PHI,TOR,-130,+110
2024-09-04,6:35 PM EDT,CHW,BAL,+300,-385
2024-09-04,6:40 PM EDT,WAS,MIA,-145,+122
2024-09-04,6:40 PM EDT,HOU,CIN,-145,+122
2024-09-04,6:50 PM EDT,MIN,TB,-120,+100
2024-09-04,7:10 PM EDT,BOS,NYM,+100,-120
2024-09-04,7:20 PM EDT,COL,ATL,+228,-286
2024-09-04,7:40 PM EDT,PIT,CHC,+180,-222
2024-09-04,7:40 PM EDT,STL,MIL,+110,-130
2024-09-04,7:40 PM EDT,CLE,KC,+115,-135
2024-09-04,8:05 PM EDT,NYY,TEX,-115,-105
2024-09-04,9:38 PM EDT,LAD,LAA,-204,+170
2024-09-04,9:40 PM EDT,DET,SD,+170,-204
2024-09-04,9:40 PM EDT,SEA,ATH,-145,+122
2024-09-04,9:45 PM EDT,AZ,SF,-130,+110
2024-09-05,1:10 PM EDT,MIN,TB,-164,+140
2024-09-05,1:10 PM EDT,HOU,CIN,-161,+135
2024-09-05,3:37 PM EDT,SEA,ATH,-141,+118
2024-09-05,3:45 PM EDT,AZ,SF,+135,-161
2024-09-05,6:40 PM EDT,WAS,PIT,+105,-125
2024-09-05,6:40 PM EDT,PHI,MIA,-263,+210
2024-09-05,7:20 PM EDT,COL,ATL,+235,-294
2024-09-05,8:05 PM EDT,LAA,TEX,+162,-196
2024-09-05,8:40 PM EDT,DET,SD,+135,-161
2024-09-06,2:20 PM EDT,NYY,CHC,-130,+110
2024-09-06,6:10 PM EDT,COL,MIL,+205,-250
2024-09-06,7:05 PM EDT,TB,BAL,+140,-164
2024-09-06,7:10 PM EDT,CIN,NYM,+143,-169
2024-09-06,7:10 PM EDT,PHI,MIA,-303,+240
2024-09-06,7:10 PM EDT,CHW,BOS,+222,-278
2024-09-06,7:20 PM EDT,TOR,ATL,+143,-169
2024-09-06,8:05 PM EDT,LAA,TEX,+135,-161
2024-09-06,8:10 PM EDT,AZ,HOU,+140,-164
2024-09-06,8:10 PM EDT,MIN,KC,+118,-141
2024-09-06,8:15 PM EDT,SEA,STL,-115,-105
2024-09-06,9:40 PM EDT,SF,SD,+178,-213
2024-09-06,9:40 PM EDT,DET,ATH,-161,+135
2024-09-06,10:10 PM EDT,CLE,LAD,+122,-145
2024-09-07,1:35 PM EDT,WAS,PIT,+110,-130
2024-09-07,2:20 PM EDT,NYY,CHC,-149,+126
2024-09-07,4:05 PM EDT,TB,BAL,+152,-179
2024-09-07,4:07 PM EDT,DET,ATH,-110,-110
2024-09-07,4:10 PM EDT,PHI,MIA,-270,+215
2024-09-07,4:10 PM EDT,CIN,NYM,+130,-154
2024-09-07,4:10 PM EDT,AZ,HOU,+130,-154
2024-09-07,6:40 PM EDT,WAS,PIT,+122,-145
2024-09-07,7:05 PM EDT,LAA,TEX,+118,-141
2024-09-07,7:10 PM EDT,COL,MIL,+228,-286
2024-09-07,7:15 PM EDT,CHW,BOS,+162,-196
2024-09-07,7:15 PM EDT,SEA,STL,-130,+110
2024-09-07,7:15 PM EDT,MIN,KC,-135,+115
2024-09-07,7:20 PM EDT,TOR,ATL,+143,-169
2024-09-07,8:40 PM EDT,SF,SD,+122,-145
2024-09-07,9:10 PM EDT,CLE,LAD,+130,-154
2024-09-08,12:05 PM EDT,TB,BAL,+180,-222
2024-09-08,1:35 PM EDT,CHW,BOS,+228,-286
2024-09-08,1:35 PM EDT,WAS,PIT,+135,-161
2024-09-08,1:35 PM EDT,TOR,ATL,+222,-278
2024-09-08,1:40 PM EDT,CIN,NYM,+175,-208
2024-09-08,1:40 PM EDT,PHI,MIA,-135,+115
2024-09-08,2:10 PM EDT,MIN,KC,+105,-125
2024-09-08,2:10 PM EDT,COL,MIL,+240,-303
2024-09-08,2:15 PM EDT,SEA,STL,-130,+110
2024-09-08,2:20 PM EDT,NYY,CHC,-161,+135
2024-09-08,2:35 PM EDT,LAA,TEX,+150,-179
2024-09-08,4:07 PM EDT,DET,ATH,-105,-115
2024-09-08,4:10 PM EDT,CLE,LAD,+140,-164
2024-09-08,4:10 PM EDT,SF,SD,+162,-196
2024-09-08,7:10 PM EDT,AZ,HOU,+115,-135
2024-09-09,6:40 PM EDT,TB,PHI,+162,-196
2024-09-09,6:40 PM EDT,CIN,ATL,+130,-154
2024-09-09,6:40 PM EDT,MIA,PIT,+222,-278
2024-09-09,7:05 PM EDT,KC,NYY,+162,-196
2024-09-09,7:07 PM EDT,NYM,TOR,-135,+115
2024-09-09,7:10 PM EDT,BAL,BOS,+105,-125
2024-09-09,7:40 PM EDT,LAA,MIN,+140,-164
2024-09-09,7:40 PM EDT,CLE,CHW,-208,+175
2024-09-09,10:10 PM EDT,CHC,LAD,+162,-196
2024-09-10,6:40 PM EDT,TB,PHI,+150,-179
2024-09-10,6:40 PM EDT,COL,DET,+170,-204
2024-09-10,6:40 PM EDT,MIA,PIT,+143,-169
2024-09-10,6:45 PM EDT,ATL,WAS,-149,+126
2024-09-10,7:05 PM EDT,KC,NYY,+122,-145
2024-09-10,7:07 PM EDT,NYM,TOR,-125,+105
2024-09-10,7:10 PM EDT,BAL,BOS,+118,-141
2024-09-10,7:40 PM EDT,LAA,MIN,+210,-263
2024-09-10,7:40 PM EDT,CLE,CHW,-233,+192
2024-09-10,7:45 PM EDT,CIN,STL,+115,-135
2024-09-10,8:10 PM EDT,ATH,HOU,+162,-196
2024-09-10,9:40 PM EDT,SD,SEA,+105,-125
2024-09-10,9:40 PM EDT,TEX,AZ,+150,-179
2024-09-10,9:45 PM EDT,MIL,SF,-120,+100
2024-09-10,10:10 PM EDT,CHC,LAD,+135,-161
2024-09-11,12:35 PM EDT,MIA,PIT,+130,-154
2024-09-11,2:10 PM EDT,CLE,CHW,-263,+210
2024-09-11,3:07 PM EDT,NYM,TOR,-135,+115
2024-09-11,3:40 PM EDT,TEX,AZ,+140,-164
2024-09-11,6:40 PM EDT,TB,PHI,+192,-233
2024-09-11,6:40 PM EDT,COL,DET,+170,-204
2024-09-11,6:45 PM EDT,ATL,WAS,-169,+143
2024-09-11,7:05 PM EDT,KC,NYY,+135,-161
2024-09-11,7:10 PM EDT,LAA,MIN,+180,-222
2024-09-11,7:10 PM EDT,BAL,BOS,+118,-141
2024-09-11,7:45 PM EDT,CIN,STL,+130,-154
2024-09-11,8:10 PM EDT,ATH,HOU,+192,-233
2024-09-11,9:40 PM EDT,SD,SEA,-115,-105
2024-09-11,9:45 PM EDT,MIL,SF,+118,-141
2024-09-11,10:10 PM EDT,CHC,LAD,+135,-161
2024-09-12,1:10 PM EDT,COL,DET,+260,-333
2024-09-12,1:15 PM EDT,CIN,STL,+115,-135
2024-09-12,2:10 PM EDT,ATH,HOU,+228,-286
2024-09-12,6:45 PM EDT,MIA,WAS,+170,-204
2024-09-12,7:15 PM EDT,BOS,NYY,+175,-208
2024-09-12,7:15 PM EDT,TB,CLE,+118,-141
2024-09-12,9:40 PM EDT,TEX,SEA,+122,-145
2024-09-12,9:45 PM EDT,MIL,SF,-135,+115
2024-09-13,6:40 PM EDT,BAL,DET,-130,+110
2024-09-13,6:40 PM EDT,KC,PIT,-105,-115
2024-09-13,6:40 PM EDT,NYM,PHI,+135,-161
2024-09-13,6:45 PM EDT,MIA,WAS,+118,-141
2024-09-13,7:05 PM EDT,BOS,NYY,+135,-161
2024-09-13,7:07 PM EDT,STL,TOR,+110,-130
2024-09-13,7:10 PM EDT,TB,CLE,+150,-179
2024-09-13,7:20 PM EDT,LAD,ATL,-115,-105
2024-09-13,7:40 PM EDT,ATH,CHW,-135,+115
2024-09-13,8:10 PM EDT,CIN,MIN,+185,-227
2024-09-13,8:40 PM EDT,CHC,COL,-145,+122
2024-09-13,9:38 PM EDT,HOU,LAA,-208,+175
2024-09-13,9:40 PM EDT,MIL,AZ,+105,-125
2024-09-13,10:10 PM EDT,TEX,SEA,-135,+115
2024-09-13,10:15 PM EDT,SD,SF,-115,-105
2024-09-14,1:05 PM EDT,BOS,NYY,+170,-204
2024-09-14,1:05 PM EDT,KC,PIT,-125,+105
2024-09-14,3:07 PM EDT,STL,TOR,+110,-130
2024-09-14,4:05 PM EDT,NYM,PHI,+100,-120
2024-09-14,4:05 PM EDT,MIA,WAS,+122,-145
2024-09-14,6:10 PM EDT,BAL,DET,-149,+126
2024-09-14,6:10 PM EDT,TB,CLE,+115,-135
2024-09-14,7:10 PM EDT,CIN,MIN,+130,-154
2024-09-14,7:10 PM EDT,ATH,CHW,-175,+148
2024-09-14,7:20 PM EDT,LAD,ATL,+105,-125
2024-09-14,8:10 PM EDT,MIL,AZ,+135,-161
2024-09-14,8:10 PM EDT,CHC,COL,-145,+122
2024-09-14,9:05 PM EDT,SD,SF,-161,+135
2024-09-14,9:38 PM EDT,HOU,LAA,-164,+140
2024-09-14,9:40 PM EDT,TEX,SEA,+143,-169
2024-09-15,12:10 PM EDT,BAL,DET,-110,-110
2024-09-15,1:05 PM EDT,CIN,MIN,+150,-179
2024-09-15,1:35 PM EDT,BOS,NYY,+143,-169
2024-09-15,1:35 PM EDT,MIA,WAS,+143,-169
2024-09-15,1:35 PM EDT,NYM,PHI,+115,-135
2024-09-15,1:35 PM EDT,KC,PIT,-105,-115
2024-09-15,1:37 PM EDT,STL,TOR,+105,-125
2024-09-15,1:40 PM EDT,TB,CLE,+105,-125
2024-09-15,2:10 PM EDT,OAK,CHW,-169,+143
2024-09-15,3:10 PM EDT,CHC,COL,-135,+115
2024-09-15,4:05 PM EDT,SD,SF,-120,+100
2024-09-15,4:07 PM EDT,HOU,LAA,-204,+170
2024-09-15,4:10 PM EDT,TEX,SEA,+135,-161
2024-09-15,4:10 PM EDT,MIL,AZ,+135,-161
2024-09-15,7:10 PM EDT,LAD,ATL,-115,-105
2024-09-16,6:40 PM EDT,MIN,CLE,-115,-105
2024-09-16,7:10 PM EDT,WAS,NYM,+175,-208
2024-09-16,7:20 PM EDT,LAD,ATL,-135,+115
2024-09-16,7:40 PM EDT,DET,KC,+115,-135
2024-09-16,7:40 PM EDT,ATH,CHC,+170,-204
2024-09-16,7:40 PM EDT,PHI,MIL,-110,-110
2024-09-16,7:45 PM EDT,PIT,STL,-130,+110
2024-09-16,8:40 PM EDT,AZ,COL,-179,+150
2024-09-16,9:38 PM EDT,CHW,LAA,+162,-196
2024-09-16,9:40 PM EDT,HOU,SD,-105,-115
2024-09-17,6:35 PM EDT,SF,BAL,-120,+100
2024-09-17,6:40 PM EDT,LAD,MIA,-238,+196
2024-09-17,6:40 PM EDT,MIN,CLE,+118,-141
2024-09-17,6:40 PM EDT,ATL,CIN,-149,+126
2024-09-17,6:50 PM EDT,BOS,TB,-130,+110
2024-09-17,7:10 PM EDT,WAS,NYM,+143,-169
2024-09-17,7:40 PM EDT,DET,KC,+135,-161
2024-09-17,7:40 PM EDT,ATH,CHC,+130,-154
2024-09-17,7:40 PM EDT,PHI,MIL,-135,+115
2024-09-17,7:45 PM EDT,PIT,STL,+130,-154
2024-09-17,8:05 PM EDT,TOR,TEX,+110,-130
2024-09-17,8:40 PM EDT,AZ,COL,-141,+118
2024-09-17,9:38 PM EDT,CHW,LAA,+130,-154
2024-09-17,9:40 PM EDT,HOU,SD,+100,-120
2024-09-17,9:40 PM EDT,NYY,SEA,-110,-110
2024-09-18,2:20 PM EDT,ATH,CHC,+158,-189
2024-09-18,3:10 PM EDT,AZ,COL,-189,+158
2024-09-18,4:07 PM EDT,CHW,LAA,+122,-145
2024-09-18,6:35 PM EDT,SF,BAL,+140,-164
2024-09-18,6:40 PM EDT,MIN,CLE,+100,-120
2024-09-18,6:40 PM EDT,HOU,SD,-110,-110
2024-09-18,6:40 PM EDT,ATL,CIN,-154,+130
2024-09-18,6:40 PM EDT,LAD,MIA,-189,+158
2024-09-18,6:50 PM EDT,BOS,TB,-105,-115
2024-09-18,7:10 PM EDT,WAS,NYM,+143,-169
2024-09-18,7:40 PM EDT,DET,KC,-135,+115
2024-09-18,7:40 PM EDT,PHI,MIL,+100,-120
2024-09-18,7:45 PM EDT,PIT,STL,+170,-204
2024-09-18,8:05 PM EDT,TOR,TEX,-110,-110
2024-09-18,9:40 PM EDT,NYY,SEA,-115,-105
2024-09-19,1:05 PM EDT,SF,BAL,+140,-164
2024-09-19,1:10 PM EDT,MIN,CLE,-115,-105
2024-09-19,1:10 PM EDT,ATL,CIN,-233,+192
2024-09-19,2:35 PM EDT,TOR,TEX,+110,-130
2024-09-19,4:10 PM EDT,NYY,SEA,-105,-115
2024-09-19,4:40 PM EDT,LAD,MIA,-227,+185
2024-09-19,6:50 PM EDT,BOS,TB,-120,+100
2024-09-19,7:15 PM EDT,PHI,NYM,+118,-141
2024-09-19,7:15 PM EDT,PIT,STL,+130,-154
2024-09-19,7:15 PM EDT,AZ,MIL,-125,+105
2024-09-19,7:40 PM EDT,WAS,CHC,+158,-189
2024-09-19,8:10 PM EDT,LAA,HOU,+235,-294
2024-09-20,2:20 PM EDT,WAS,CHC,+148,-175
2024-09-20,6:40 PM EDT,PIT,CIN,+110,-130
2024-09-20,6:50 PM EDT,TOR,TB,-120,+100
2024-09-20,7:05 PM EDT,DET,BAL,+135,-161
2024-09-20,7:10 PM EDT,PHI,NYM,-120,+100
2024-09-20,7:10 PM EDT,ATL,MIA,-233,+192
2024-09-20,7:10 PM EDT,MIN,BOS,-120,+100
2024-09-20,8:05 PM EDT,SEA,TEX,+110,-130
2024-09-20,8:10 PM EDT,AZ,MIL,-135,+115
2024-09-20,8:10 PM EDT,LAA,HOU,+210,-263
2024-09-20,8:10 PM EDT,SF,KC,+175,-208
2024-09-20,8:15 PM EDT,CLE,STL,-105,-115
2024-09-20,9:40 PM EDT,CHW,SD,+215,-270
2024-09-20,9:40 PM EDT,NYY,ATH,-204,+170
2024-09-20,10:10 PM EDT,COL,LAD,+210,-263
2024-09-21,1:10 PM EDT,PIT,CIN,+100,-120
2024-09-21,2:20 PM EDT,WAS,CHC,+115,-135
2024-09-21,4:05 PM EDT,DET,BAL,+115,-135
2024-09-21,4:10 PM EDT,PHI,NYM,+100,-120
2024-09-21,4:10 PM EDT,ATL,MIA,-278,+222
2024-09-21,4:10 PM EDT,TOR,TB,+118,-141
2024-09-21,5:10 PM EDT,SF,KC,+122,-145
2024-09-21,7:05 PM EDT,SEA,TEX,-115,-105
2024-09-21,7:10 PM EDT,LAA,HOU,+205,-250
2024-09-21,7:10 PM EDT,AZ,MIL,-105,-115
2024-09-21,7:15 PM EDT,CLE,STL,-130,+110
2024-09-21,8:40 PM EDT,CHW,SD,+240,-303
2024-09-21,9:07 PM EDT,NYY,ATH,-179,+150
2024-09-21,9:10 PM EDT,COL,LAD,+235,-294
2024-09-22,12:35 PM EDT,MIN,BOS,-145,+122
2024-09-22,1:10 PM EDT,PIT,CIN,-105,-115
2024-09-22,1:35 PM EDT,DET,BAL,+105,-125
2024-09-22,1:40 PM EDT,TOR,TB,+115,-135
2024-09-22,1:40 PM EDT,ATL,MIA,-196,+162
2024-09-22,2:10 PM EDT,LAA,HOU,+228,-286
2024-09-22,2:10 PM EDT,AZ,MIL,+118,-141
2024-09-22,2:10 PM EDT,SF,KC,-105,-115
2024-09-22,2:15 PM EDT,CLE,STL,+105,-125
2024-09-22,2:20 PM EDT,WAS,CHC,+180,-222
2024-09-22,2:35 PM EDT,SEA,TEX,-141,+118
2024-09-22,4:07 PM EDT,NYY,ATH,-179,+150
2024-09-22,4:10 PM EDT,CHW,SD,+278,-357
2024-09-22,4:10 PM EDT,COL,LAD,+320,-417
2024-09-22,5:35 PM EDT,MIN,BOS,-115,-105
2024-09-22,7:15 PM EDT,PHI,NYM,-141,+118
2024-09-23,6:40 PM EDT,CHC,PHI,+170,-204
2024-09-23,7:07 PM EDT,BOS,TOR,+100,-120
2024-09-23,8:10 PM EDT,SEA,HOU,+110,-130
2024-09-23,9:40 PM EDT,SF,AZ,+162,-196
2024-09-24,1:10 PM EDT,TB,DET,+158,-189
2024-09-24,6:40 PM EDT,MIL,PIT,-154,+130
2024-09-24,6:40 PM EDT,CHC,PHI,-105,-115
2024-09-24,6:40 PM EDT,CIN,CLE,+162,-196
2024-09-24,6:45 PM EDT,KC,WAS,-204,+170
2024-09-24,7:05 PM EDT,BAL,NYY,+143,-169
2024-09-24,7:07 PM EDT,BOS,TOR,+110,-130
2024-09-24,7:20 PM EDT,NYM,ATL,+122,-145
2024-09-24,7:40 PM EDT,MIA,MIN,+205,-250
2024-09-24,7:40 PM EDT,LAA,CHW,-110,-110
2024-09-24,8:10 PM EDT,SEA,HOU,+115,-135
2024-09-24,8:40 PM EDT,STL,COL,-120,+100
2024-09-24,9:40 PM EDT,SF,AZ,+130,-154
2024-09-24,9:40 PM EDT,TEX,ATH,-115,-105
2024-09-24,10:10 PM EDT,SD,LAD,+100,-120
2024-09-25,2:10 PM EDT,SEA,HOU,-161,+135
2024-09-25,6:05 PM EDT,CHC,PHI,+185,-227
2024-09-25,6:40 PM EDT,TB,DET,+115,-135
2024-09-25,6:40 PM EDT,CIN,CLE,+122,-145
2024-09-25,6:40 PM EDT,MIL,PIT,-164,+140
2024-09-25,6:45 PM EDT,KC,WAS,-135,+115
2024-09-25,7:05 PM EDT,BAL,NYY,+110,-130
2024-09-25,7:07 PM EDT,BOS,TOR,+110,-130
2024-09-25,7:40 PM EDT,LAA,CHW,-120,+100
2024-09-25,7:40 PM EDT,MIA,MIN,+162,-196
2024-09-25,8:40 PM EDT,STL,COL,-130,+110
2024-09-25,9:40 PM EDT,TEX,ATH,+100,-120
2024-09-25,9:40 PM EDT,SF,AZ,+192,-233
2024-09-25,10:10 PM EDT,SD,LAD,+115,-135
2024-09-26,12:35 PM EDT,MIL,PIT,-120,+100
2024-09-26,1:05 PM EDT,KC,WAS,-169,+143
2024-09-26,1:10 PM EDT,TB,DET,+135,-161
2024-09-26,2:10 PM EDT,LAA,CHW,-135,+115
2024-09-26,3:10 PM EDT,STL,COL,-125,+105
2024-09-26,3:37 PM EDT,TEX,ATH,-105,-115
2024-09-26,7:05 PM EDT,BAL,NYY,+143,-169
2024-09-26,7:40 PM EDT,MIA,MIN,+215,-270
2024-09-26,10:10 PM EDT,SD,LAD,-110,-110
2024-09-27,2:20 PM EDT,CIN,CHC,+110,-130
2024-09-27,6:40 PM EDT,CHW,DET,+178,-213
2024-09-27,6:45 PM EDT,PHI,WAS,-189,+158
2024-09-27,7:05 PM EDT,PIT,NYY,+140,-164
2024-09-27,7:07 PM EDT,MIA,TOR,+196,-238
2024-09-27,7:10 PM EDT,TB,BOS,+105,-125
2024-09-27,7:10 PM EDT,HOU,CLE,+105,-125
2024-09-27,7:20 PM EDT,KC,ATL,+158,-189
2024-09-27,8:10 PM EDT,BAL,MIN,+122,-145
2024-09-27,8:10 PM EDT,NYM,MIL,-115,-105
2024-09-27,8:10 PM EDT,LAD,COL,-169,+143
2024-09-27,9:38 PM EDT,TEX,LAA,-161,+135
2024-09-27,9:40 PM EDT,SD,AZ,+115,-135
2024-09-27,10:10 PM EDT,ATH,SEA,+143,-169
2024-09-27,10:15 PM EDT,STL,SF,+115,-135
2024-09-28,1:05 PM EDT,PIT,NYY,+115,-135
2024-09-28,1:10 PM EDT,CHW,DET,+180,-222
2024-09-28,2:20 PM EDT,CIN,CHC,+110,-130
2024-09-28,3:07 PM EDT,MIA,TOR,+143,-169
2024-09-28,4:05 PM EDT,STL,SF,+105,-125
2024-09-28,4:05 PM EDT,PHI,WAS,-208,+175
2024-09-28,4:10 PM EDT,TB,BOS,+100,-120
2024-09-28,6:10 PM EDT,HOU,CLE,+105,-125
2024-09-28,7:15 PM EDT,BAL,MIN,+100,-120
2024-09-28,7:15 PM EDT,NYM,MIL,-115,-105
2024-09-28,7:20 PM EDT,KC,ATL,+215,-270
2024-09-28,8:10 PM EDT,SD,AZ,+185,-227
2024-09-28,8:10 PM EDT,LAD,COL,-250,+205
2024-09-28,9:38 PM EDT,TEX,LAA,-141,+118
2024-09-28,9:40 PM EDT,ATH,SEA,+122,-145
2024-09-29,3:05 PM EDT,STL,SF,+105,-125
2024-09-29,3:05 PM EDT,PIT,NYY,+140,-164
2024-09-29,3:05 PM EDT,TB,BOS,-110,-110
2024-09-29,3:05 PM EDT,PHI,WAS,-141,+118
2024-09-29,3:07 PM EDT,MIA,TOR,+100,-120
2024-09-29,3:07 PM EDT,TEX,LAA,-145,+122
2024-09-29,3:10 PM EDT,NYM,MIL,-145,+122
2024-09-29,3:10 PM EDT,BAL,MIN,+105,-125
2024-09-29,3:10 PM EDT,CHW,DET,+196,-238
2024-09-29,3:10 PM EDT,SD,AZ,+180,-222
2024-09-29,3:10 PM EDT,ATH,SEA,+158,-189
2024-09-29,3:10 PM EDT,LAD,COL,-161,+135
2024-09-29,3:20 PM EDT,CIN,CHC,-115,-105
2024-09-29,3:20 PM EDT,KC,ATL,+175,-208
2024-09-30,1:10 PM EDT,NYM,ATL,+122,-145
2024-09-30,4:50 PM EDT,NYM,ATL,+260,-333
2024-10-01,2:32 PM EDT,DET,HOU,+118,-141
2024-10-01,4:08 PM EDT,KC,BAL,+122,-145
2024-10-01,5:32 PM EDT,NYM,MIL,+122,-145
2024-10-01,8:38 PM EDT,ATL,SD,+162,-196
2024-10-02,2:32 PM EDT,DET,HOU,+152,-179
2024-10-02,4:38 PM EDT,KC,BAL,+126,-149
2024-10-02,7:38 PM EDT,NYM,MIL,+110,-130
2024-10-02,8:38 PM EDT,ATL,SD,-105,-115
2024-10-03,7:08 PM EDT,NYM,MIL,-105,-115
2024-10-05,1:08 PM EDT,DET,CLE,+118,-141
2024-10-05,4:08 PM EDT,NYM,PHI,+150,-179
2024-10-05,6:38 PM EDT,KC,NYY,+175,-208
2024-10-05,8:38 PM EDT,SD,LAD,+118,-141
2024-10-06,4:08 PM EDT,NYM,PHI,+122,-145
2024-10-06,8:03 PM EDT,SD,LAD,+130,-154
2024-10-07,4:08 PM EDT,DET,CLE,-130,+110
2024-10-07,7:38 PM EDT,KC,NYY,+130,-154
2024-10-08,5:08 PM EDT,PHI,NYM,-115,-105
2024-10-08,9:08 PM EDT,LAD,SD,+122,-145
2024-10-09,3:08 PM EDT,CLE,DET,-120,+100
2024-10-09,5:08 PM EDT,PHI,NYM,+105,-125
2024-10-09,7:08 PM EDT,NYY,KC,-120,+100
2024-10-09,9:08 PM EDT,LAD,SD,+118,-141
2024-10-10,6:08 PM EDT,CLE,DET,-125,+105
2024-10-10,8:08 PM EDT,NYY,KC,-154,+130
2024-10-11,8:08 PM EDT,SD,LAD,+122,-145
2024-10-12,1:08 PM EDT,DET,CLE,-115,-105
2024-10-13,8:15 PM EDT,NYM,LAD,+135,-161
2024-10-14,4:08 PM EDT,NYM,LAD,+135,-161
2024-10-14,7:38 PM EDT,CLE,NYY,+148,-175
2024-10-15,7:38 PM EDT,CLE,NYY,+143,-169
2024-10-16,8:08 PM EDT,LAD,NYM,-110,-110
2024-10-17,5:08 PM EDT,NYY,CLE,-115,-105
2024-10-17,8:08 PM EDT,LAD,NYM,-125,+105
2024-10-18,5:08 PM EDT,LAD,NYM,-130,+110
2024-10-18,8:08 PM EDT,NYY,CLE,-130,+110
2024-10-19,8:08 PM EDT,NYY,CLE,-141,+118
2024-10-20,8:08 PM EDT,NYM,LAD,+130,-154
2024-10-25,8:08 PM EDT,NYY,LAD,-105,-115
2024-10-26,8:08 PM EDT,NYY,LAD,+110,-130
2024-10-28,8:08 PM EDT,LAD,NYY,+130,-154
2024-10-29,8:08 PM EDT,LAD,NYY,+115,-135
2024-10-30,8:08 PM EDT,LAD,NYY,+130,-154
